{
"lengthUnit": "mil",
"remark": [],
"components": {
	"fields": ["COMPONENT_NO", "COMPONENT_NAME", "LAYER", "X_COORDINATE", "Y_COORDINATE", "ANGLE"],
	"rows": [
		[1, "D1", "T", 200, -150, 90],
		[2, "D14", "T", 300, -150, 90],
		[3, "D15", "T", 400, -150, 90],
		[4, "D16", "T", 500, -150, 90],
		[5, "D17", "T", 600, -150, 90],
		[6, "D18", "T", 700, -150, 90],
		[7, "D19", "T", 800, -150, 90],
		[8, "D20", "T", 900, -150, 90],
		[9, "D21", "T", 1000, -150, 90],
		[10, "D22", "T", 1100, -150, 90],
		[11, "D23", "T", 1200, -150, 90],
		[12, "D24", "T", 1300, -150, 90],
		[13, "D25", "T", 1300, -350, 270],
		[14, "D26", "T", 1200, -350, 270],
		[15, "D27", "T", 1100, -350, 270],
		[16, "D28", "T", 1000, -350, 270],
		[17, "D29", "T", 900, -350, 270],
		[18, "D30", "T", 800, -350, 270],
		[19, "D31", "T", 700, -350, 270],
		[20, "D32", "T", 600, -350, 270],
		[21, "D33", "T", 500, -350, 270],
		[22, "D34", "T", 400, -350, 270],
		[23, "D35", "T", 300, -350, 270],
		[24, "D36", "T", 200, -350, 270],
		[25, "D37", "T", 1400, -250, 270],
		[26, "SCREW1", "T", 1425, -625, 0],
		[27, "SCREW2", "T", 0, 125, 0],
		[28, "SCREW3", "T", 1425, 125, 0],
		[29, "SCREW4", "T", 0, -625, 0],
		[30, "U1", "T", 750, 50, 180],
		[31, "U2", "T", 750, -550, 0],
		[32, "U4", "T", 50, -250, 270],
		[33, "PAD1", "T", 300, 100, 0],
		[34, "PAD1", "B", 300, 100, 0],
		[35, "PAD2", "T", 300, 0, 0],
		[36, "PAD2", "B", 300, 0, 0],
		[37, "PAD3", "T", 1300, 100, 0],
		[38, "PAD3", "B", 1300, 100, 0],
		[39, "PAD4", "T", 1300, 0, 0],
		[40, "PAD4", "B", 1300, 0, 0],
		[41, "PAD5", "T", 1200, 100, 0],
		[42, "PAD5", "B", 1200, 100, 0],
		[43, "PAD6", "T", 1200, 0, 0],
		[44, "PAD6", "B", 1200, 0, 0],
		[45, "PAD7", "T", 1100, 100, 0],
		[46, "PAD7", "B", 1100, 100, 0],
		[47, "PAD8", "T", 1100, 0, 0],
		[48, "PAD8", "B", 1100, 0, 0],
		[49, "PAD9", "T", 1000, 100, 0],
		[50, "PAD9", "B", 1000, 100, 0],
		[51, "PAD10", "T", 1000, 0, 0],
		[52, "PAD10", "B", 1000, 0, 0],
		[53, "PAD11", "T", 900, 100, 0],
		[54, "PAD11", "B", 900, 100, 0],
		[55, "PAD12", "T", 900, 0, 0],
		[56, "PAD12", "B", 900, 0, 0],
		[57, "PAD13", "T", 800, 100, 0],
		[58, "PAD13", "B", 800, 100, 0],
		[59, "PAD14", "T", 800, 0, 0],
		[60, "PAD14", "B", 800, 0, 0],
		[61, "PAD15", "T", 700, 100, 0],
		[62, "PAD15", "B", 700, 100, 0],
		[63, "PAD16", "T", 700, 0, 0],
		[64, "PAD16", "B", 700, 0, 0],
		[65, "PAD17", "T", 600, 100, 0],
		[66, "PAD17", "B", 600, 100, 0],
		[67, "PAD18", "T", 600, 0, 0],
		[68, "PAD18", "B", 600, 0, 0],
		[69, "PAD19", "T", 500, 100, 0],
		[70, "PAD19", "B", 500, 100, 0],
		[71, "PAD20", "T", 500, 0, 0],
		[72, "PAD20", "B", 500, 0, 0],
		[73, "PAD21", "T", 400, 100, 0],
		[74, "PAD21", "B", 400, 100, 0],
		[75, "PAD22", "T", 400, 0, 0],
		[76, "PAD22", "B", 400, 0, 0],
		[77, "PAD23", "T", 200, 0, 0],
		[78, "PAD23", "B", 200, 0, 0],
		[79, "PAD24", "T", 200, 100, 0],
		[80, "PAD24", "B", 200, 100, 0],
		[81, "PAD25", "T", 1200, -600, 0],
		[82, "PAD25", "B", 1200, -600, 0],
		[83, "PAD26", "T", 1200, -500, 0],
		[84, "PAD26", "B", 1200, -500, 0],
		[85, "PAD27", "T", 200, -600, 0],
		[86, "PAD27", "B", 200, -600, 0],
		[87, "PAD28", "T", 200, -500, 0],
		[88, "PAD28", "B", 200, -500, 0],
		[89, "PAD29", "T", 300, -600, 0],
		[90, "PAD29", "B", 300, -600, 0],
		[91, "PAD30", "T", 300, -500, 0],
		[92, "PAD30", "B", 300, -500, 0],
		[93, "PAD31", "T", 400, -600, 0],
		[94, "PAD31", "B", 400, -600, 0],
		[95, "PAD32", "T", 400, -500, 0],
		[96, "PAD32", "B", 400, -500, 0],
		[97, "PAD33", "T", 500, -600, 0],
		[98, "PAD33", "B", 500, -600, 0],
		[99, "PAD34", "T", 500, -500, 0],
		[100, "PAD34", "B", 500, -500, 0],
		[101, "PAD35", "T", 600, -600, 0],
		[102, "PAD35", "B", 600, -600, 0],
		[103, "PAD36", "T", 600, -500, 0],
		[104, "PAD36", "B", 600, -500, 0],
		[105, "PAD37", "T", 700, -600, 0],
		[106, "PAD37", "B", 700, -600, 0],
		[107, "PAD38", "T", 700, -500, 0],
		[108, "PAD38", "B", 700, -500, 0],
		[109, "PAD39", "T", 800, -600, 0],
		[110, "PAD39", "B", 800, -600, 0],
		[111, "PAD40", "T", 800, -500, 0],
		[112, "PAD40", "B", 800, -500, 0],
		[113, "PAD41", "T", 900, -600, 0],
		[114, "PAD41", "B", 900, -600, 0],
		[115, "PAD42", "T", 900, -500, 0],
		[116, "PAD42", "B", 900, -500, 0],
		[117, "PAD43", "T", 1000, -600, 0],
		[118, "PAD43", "B", 1000, -600, 0],
		[119, "PAD44", "T", 1000, -500, 0],
		[120, "PAD44", "B", 1000, -500, 0],
		[121, "PAD45", "T", 1100, -600, 0],
		[122, "PAD45", "B", 1100, -600, 0],
		[123, "PAD46", "T", 1100, -500, 0],
		[124, "PAD46", "B", 1100, -500, 0],
		[125, "PAD47", "T", 1300, -500, 0],
		[126, "PAD47", "B", 1300, -500, 0],
		[127, "PAD48", "T", 1300, -600, 0],
		[128, "PAD48", "B", 1300, -600, 0],
		[129, "PAD49", "T", 0, 0, 0],
		[130, "PAD49", "B", 0, 0, 0],
		[131, "PAD50", "T", 100, 0, 0],
		[132, "PAD50", "B", 100, 0, 0],
		[133, "PAD51", "T", 0, -100, 0],
		[134, "PAD51", "B", 0, -100, 0],
		[135, "PAD52", "T", 100, -100, 0],
		[136, "PAD52", "B", 100, -100, 0],
		[137, "PAD53", "T", 0, -200, 0],
		[138, "PAD53", "B", 0, -200, 0],
		[139, "PAD54", "T", 100, -200, 0],
		[140, "PAD54", "B", 100, -200, 0],
		[141, "PAD55", "T", 0, -300, 0],
		[142, "PAD55", "B", 0, -300, 0],
		[143, "PAD56", "T", 100, -300, 0],
		[144, "PAD56", "B", 100, -300, 0],
		[145, "PAD57", "T", 0, -400, 0],
		[146, "PAD57", "B", 0, -400, 0],
		[147, "PAD58", "T", 100, -400, 0],
		[148, "PAD58", "B", 100, -400, 0],
		[149, "PAD59", "T", 0, -500, 0],
		[150, "PAD59", "B", 0, -500, 0],
		[151, "PAD60", "T", 100, -500, 0],
		[152, "PAD60", "B", 100, -500, 0],
		[153, "PAD61", "T", 200, -100, 0],
		[154, "PAD61", "B", 200, -100, 0],
		[155, "PAD62", "T", 200, -200, 0],
		[156, "PAD62", "B", 200, -200, 0],
		[157, "PAD63", "T", 300, -100, 0],
		[158, "PAD63", "B", 300, -100, 0],
		[159, "PAD64", "T", 300, -200, 0],
		[160, "PAD64", "B", 300, -200, 0],
		[161, "PAD65", "T", 400, -100, 0],
		[162, "PAD65", "B", 400, -100, 0],
		[163, "PAD66", "T", 400, -200, 0],
		[164, "PAD66", "B", 400, -200, 0],
		[165, "PAD67", "T", 500, -100, 0],
		[166, "PAD67", "B", 500, -100, 0],
		[167, "PAD68", "T", 500, -200, 0],
		[168, "PAD68", "B", 500, -200, 0],
		[169, "PAD69", "T", 600, -100, 0],
		[170, "PAD69", "B", 600, -100, 0],
		[171, "PAD70", "T", 600, -200, 0],
		[172, "PAD70", "B", 600, -200, 0],
		[173, "PAD71", "T", 700, -100, 0],
		[174, "PAD71", "B", 700, -100, 0],
		[175, "PAD72", "T", 700, -200, 0],
		[176, "PAD72", "B", 700, -200, 0],
		[177, "PAD73", "T", 800, -100, 0],
		[178, "PAD73", "B", 800, -100, 0],
		[179, "PAD74", "T", 800, -200, 0],
		[180, "PAD74", "B", 800, -200, 0],
		[181, "PAD75", "T", 900, -100, 0],
		[182, "PAD75", "B", 900, -100, 0],
		[183, "PAD76", "T", 900, -200, 0],
		[184, "PAD76", "B", 900, -200, 0],
		[185, "PAD77", "T", 1000, -100, 0],
		[186, "PAD77", "B", 1000, -100, 0],
		[187, "PAD78", "T", 1000, -200, 0],
		[188, "PAD78", "B", 1000, -200, 0],
		[189, "PAD79", "T", 1100, -100, 0],
		[190, "PAD79", "B", 1100, -100, 0],
		[191, "PAD80", "T", 1100, -200, 0],
		[192, "PAD80", "B", 1100, -200, 0],
		[193, "PAD81", "T", 1200, -100, 0],
		[194, "PAD81", "B", 1200, -100, 0],
		[195, "PAD82", "T", 1200, -200, 0],
		[196, "PAD82", "B", 1200, -200, 0],
		[197, "PAD83", "T", 1300, -100, 0],
		[198, "PAD83", "B", 1300, -100, 0],
		[199, "PAD84", "T", 1300, -200, 0],
		[200, "PAD84", "B", 1300, -200, 0],
		[201, "PAD85", "T", 1300, -400, 0],
		[202, "PAD85", "B", 1300, -400, 0],
		[203, "PAD86", "T", 1300, -300, 0],
		[204, "PAD86", "B", 1300, -300, 0],
		[205, "PAD87", "T", 1200, -400, 0],
		[206, "PAD87", "B", 1200, -400, 0],
		[207, "PAD88", "T", 1200, -300, 0],
		[208, "PAD88", "B", 1200, -300, 0],
		[209, "PAD89", "T", 1100, -400, 0],
		[210, "PAD89", "B", 1100, -400, 0],
		[211, "PAD90", "T", 1100, -300, 0],
		[212, "PAD90", "B", 1100, -300, 0],
		[213, "PAD91", "T", 1000, -400, 0],
		[214, "PAD91", "B", 1000, -400, 0],
		[215, "PAD92", "T", 1000, -300, 0],
		[216, "PAD92", "B", 1000, -300, 0],
		[217, "PAD93", "T", 900, -400, 0],
		[218, "PAD93", "B", 900, -400, 0],
		[219, "PAD94", "T", 900, -300, 0],
		[220, "PAD94", "B", 900, -300, 0],
		[221, "PAD95", "T", 800, -400, 0],
		[222, "PAD95", "B", 800, -400, 0],
		[223, "PAD96", "T", 800, -300, 0],
		[224, "PAD96", "B", 800, -300, 0],
		[225, "PAD97", "T", 700, -400, 0],
		[226, "PAD97", "B", 700, -400, 0],
		[227, "PAD98", "T", 700, -300, 0],
		[228, "PAD98", "B", 700, -300, 0],
		[229, "PAD99", "T", 600, -400, 0],
		[230, "PAD99", "B", 600, -400, 0],
		[231, "PAD100", "T", 600, -300, 0],
		[232, "PAD100", "B", 600, -300, 0],
		[233, "PAD101", "T", 500, -400, 0],
		[234, "PAD101", "B", 500, -400, 0],
		[235, "PAD102", "T", 500, -300, 0],
		[236, "PAD102", "B", 500, -300, 0],
		[237, "PAD103", "T", 400, -400, 0],
		[238, "PAD103", "B", 400, -400, 0],
		[239, "PAD104", "T", 400, -300, 0],
		[240, "PAD104", "B", 400, -300, 0],
		[241, "PAD105", "T", 300, -400, 0],
		[242, "PAD105", "B", 300, -400, 0],
		[243, "PAD106", "T", 300, -300, 0],
		[244, "PAD106", "B", 300, -300, 0],
		[245, "PAD107", "T", 200, -400, 0],
		[246, "PAD107", "B", 200, -400, 0],
		[247, "PAD108", "T", 200, -300, 0],
		[248, "PAD108", "B", 200, -300, 0],
		[249, "PAD109", "T", 1400, -300, 0],
		[250, "PAD109", "B", 1400, -300, 0],
		[251, "PAD110", "T", 1400, -200, 0],
		[252, "PAD110", "B", 1400, -200, 0],
		[253, "PAD111", "T", 1425, -625, 0],
		[254, "PAD111", "B", 1425, -625, 0],
		[255, "PAD112", "T", 0, 125, 0],
		[256, "PAD112", "B", 0, 125, 0],
		[257, "PAD113", "T", 1425, 125, 0],
		[258, "PAD113", "B", 1425, 125, 0],
		[259, "PAD114", "T", 0, -625, 0],
		[260, "PAD114", "B", 0, -625, 0]
	]
},
"pins": {
	"fields": ["PIN_NO", "PIN_NAME", "PIN_X", "PIN_Y", "LAYER", "PIN_TYPE", "NET_NAME", "NET_TYPE", "PAD_SHAPE", "PAD_SIZEX", "PAD_SIZEY", "HOLE_SIZE", "HOLE_LEN", "PAD_ANGLE"],
	"rows": [
		[1, "D1_1", 200, -200, "T", "DIP", "I4", "", "R", 60, 60, 36, 36, 90],
		[2, "D1_1", 200, -200, "B", "DIP", "I4", "", "R", 60, 60, 36, 36, 90],
		[3, "D1_2", 200, -100, "T", "DIP", "$1N1290", "", "C", 60, 60, 36, 36, 90],
		[4, "D1_2", 200, -100, "B", "DIP", "$1N1290", "", "C", 60, 60, 36, 36, 90],
		[5, "D14_1", 300, -200, "T", "DIP", "I4", "", "R", 60, 60, 36, 36, 90],
		[6, "D14_1", 300, -200, "B", "DIP", "I4", "", "R", 60, 60, 36, 36, 90],
		[7, "D14_2", 300, -100, "T", "DIP", "$1N2373", "", "C", 60, 60, 36, 36, 90],
		[8, "D14_2", 300, -100, "B", "DIP", "$1N2373", "", "C", 60, 60, 36, 36, 90],
		[9, "D15_1", 400, -200, "T", "DIP", "I4", "", "R", 60, 60, 36, 36, 90],
		[10, "D15_1", 400, -200, "B", "DIP", "I4", "", "R", 60, 60, 36, 36, 90],
		[11, "D15_2", 400, -100, "T", "DIP", "$1N2412", "", "C", 60, 60, 36, 36, 90],
		[12, "D15_2", 400, -100, "B", "DIP", "$1N2412", "", "C", 60, 60, 36, 36, 90],
		[13, "D16_1", 500, -200, "T", "DIP", "I4", "", "R", 60, 60, 36, 36, 90],
		[14, "D16_1", 500, -200, "B", "DIP", "I4", "", "R", 60, 60, 36, 36, 90],
		[15, "D16_2", 500, -100, "T", "DIP", "$1N2451", "", "C", 60, 60, 36, 36, 90],
		[16, "D16_2", 500, -100, "B", "DIP", "$1N2451", "", "C", 60, 60, 36, 36, 90],
		[17, "D17_1", 600, -200, "T", "DIP", "I4", "", "R", 60, 60, 36, 36, 90],
		[18, "D17_1", 600, -200, "B", "DIP", "I4", "", "R", 60, 60, 36, 36, 90],
		[19, "D17_2", 600, -100, "T", "DIP", "$1N2490", "", "C", 60, 60, 36, 36, 90],
		[20, "D17_2", 600, -100, "B", "DIP", "$1N2490", "", "C", 60, 60, 36, 36, 90],
		[21, "D18_1", 700, -200, "T", "DIP", "I3", "", "R", 60, 60, 36, 36, 90],
		[22, "D18_1", 700, -200, "B", "DIP", "I3", "", "R", 60, 60, 36, 36, 90],
		[23, "D18_2", 700, -100, "T", "DIP", "$1N2529", "", "C", 60, 60, 36, 36, 90],
		[24, "D18_2", 700, -100, "B", "DIP", "$1N2529", "", "C", 60, 60, 36, 36, 90],
		[25, "D19_1", 800, -200, "T", "DIP", "I3", "", "R", 60, 60, 36, 36, 90],
		[26, "D19_1", 800, -200, "B", "DIP", "I3", "", "R", 60, 60, 36, 36, 90],
		[27, "D19_2", 800, -100, "T", "DIP", "$1N2568", "", "C", 60, 60, 36, 36, 90],
		[28, "D19_2", 800, -100, "B", "DIP", "$1N2568", "", "C", 60, 60, 36, 36, 90],
		[29, "D20_1", 900, -200, "T", "DIP", "I3", "", "R", 60, 60, 36, 36, 90],
		[30, "D20_1", 900, -200, "B", "DIP", "I3", "", "R", 60, 60, 36, 36, 90],
		[31, "D20_2", 900, -100, "T", "DIP", "$1N2607", "", "C", 60, 60, 36, 36, 90],
		[32, "D20_2", 900, -100, "B", "DIP", "$1N2607", "", "C", 60, 60, 36, 36, 90],
		[33, "D21_1", 1000, -200, "T", "DIP", "I3", "", "R", 60, 60, 36, 36, 90],
		[34, "D21_1", 1000, -200, "B", "DIP", "I3", "", "R", 60, 60, 36, 36, 90],
		[35, "D21_2", 1000, -100, "T", "DIP", "$1N2646", "", "C", 60, 60, 36, 36, 90],
		[36, "D21_2", 1000, -100, "B", "DIP", "$1N2646", "", "C", 60, 60, 36, 36, 90],
		[37, "D22_1", 1100, -200, "T", "DIP", "I3", "", "R", 60, 60, 36, 36, 90],
		[38, "D22_1", 1100, -200, "B", "DIP", "I3", "", "R", 60, 60, 36, 36, 90],
		[39, "D22_2", 1100, -100, "T", "DIP", "$1N2685", "", "C", 60, 60, 36, 36, 90],
		[40, "D22_2", 1100, -100, "B", "DIP", "$1N2685", "", "C", 60, 60, 36, 36, 90],
		[41, "D23_1", 1200, -200, "T", "DIP", "I2", "", "R", 60, 60, 36, 36, 90],
		[42, "D23_1", 1200, -200, "B", "DIP", "I2", "", "R", 60, 60, 36, 36, 90],
		[43, "D23_2", 1200, -100, "T", "DIP", "$1N2724", "", "C", 60, 60, 36, 36, 90],
		[44, "D23_2", 1200, -100, "B", "DIP", "$1N2724", "", "C", 60, 60, 36, 36, 90],
		[45, "D24_1", 1300, -200, "T", "DIP", "I2", "", "R", 60, 60, 36, 36, 90],
		[46, "D24_1", 1300, -200, "B", "DIP", "I2", "", "R", 60, 60, 36, 36, 90],
		[47, "D24_2", 1300, -100, "T", "DIP", "$1N2763", "", "C", 60, 60, 36, 36, 90],
		[48, "D24_2", 1300, -100, "B", "DIP", "$1N2763", "", "C", 60, 60, 36, 36, 90],
		[49, "D25_1", 1300, -300, "T", "DIP", "I2", "", "R", 60, 60, 36, 36, 270],
		[50, "D25_1", 1300, -300, "B", "DIP", "I2", "", "R", 60, 60, 36, 36, 270],
		[51, "D25_2", 1300, -400, "T", "DIP", "$1N2802", "", "C", 60, 60, 36, 36, 270],
		[52, "D25_2", 1300, -400, "B", "DIP", "$1N2802", "", "C", 60, 60, 36, 36, 270],
		[53, "D26_1", 1200, -300, "T", "DIP", "I2", "", "R", 60, 60, 36, 36, 270],
		[54, "D26_1", 1200, -300, "B", "DIP", "I2", "", "R", 60, 60, 36, 36, 270],
		[55, "D26_2", 1200, -400, "T", "DIP", "$1N2841", "", "C", 60, 60, 36, 36, 270],
		[56, "D26_2", 1200, -400, "B", "DIP", "$1N2841", "", "C", 60, 60, 36, 36, 270],
		[57, "D27_1", 1100, -300, "T", "DIP", "I2", "", "R", 60, 60, 36, 36, 270],
		[58, "D27_1", 1100, -300, "B", "DIP", "I2", "", "R", 60, 60, 36, 36, 270],
		[59, "D27_2", 1100, -400, "T", "DIP", "$1N2880", "", "C", 60, 60, 36, 36, 270],
		[60, "D27_2", 1100, -400, "B", "DIP", "$1N2880", "", "C", 60, 60, 36, 36, 270],
		[61, "D28_1", 1000, -300, "T", "DIP", "I1", "", "R", 60, 60, 36, 36, 270],
		[62, "D28_1", 1000, -300, "B", "DIP", "I1", "", "R", 60, 60, 36, 36, 270],
		[63, "D28_2", 1000, -400, "T", "DIP", "$1N2919", "", "C", 60, 60, 36, 36, 270],
		[64, "D28_2", 1000, -400, "B", "DIP", "$1N2919", "", "C", 60, 60, 36, 36, 270],
		[65, "D29_1", 900, -300, "T", "DIP", "I1", "", "R", 60, 60, 36, 36, 270],
		[66, "D29_1", 900, -300, "B", "DIP", "I1", "", "R", 60, 60, 36, 36, 270],
		[67, "D29_2", 900, -400, "T", "DIP", "$1N2958", "", "C", 60, 60, 36, 36, 270],
		[68, "D29_2", 900, -400, "B", "DIP", "$1N2958", "", "C", 60, 60, 36, 36, 270],
		[69, "D30_1", 800, -300, "T", "DIP", "I1", "", "R", 60, 60, 36, 36, 270],
		[70, "D30_1", 800, -300, "B", "DIP", "I1", "", "R", 60, 60, 36, 36, 270],
		[71, "D30_2", 800, -400, "T", "DIP", "$1N2997", "", "C", 60, 60, 36, 36, 270],
		[72, "D30_2", 800, -400, "B", "DIP", "$1N2997", "", "C", 60, 60, 36, 36, 270],
		[73, "D31_1", 700, -300, "T", "DIP", "I1", "", "R", 60, 60, 36, 36, 270],
		[74, "D31_1", 700, -300, "B", "DIP", "I1", "", "R", 60, 60, 36, 36, 270],
		[75, "D31_2", 700, -400, "T", "DIP", "$1N3036", "", "C", 60, 60, 36, 36, 270],
		[76, "D31_2", 700, -400, "B", "DIP", "$1N3036", "", "C", 60, 60, 36, 36, 270],
		[77, "D32_1", 600, -300, "T", "DIP", "I1", "", "R", 60, 60, 36, 36, 270],
		[78, "D32_1", 600, -300, "B", "DIP", "I1", "", "R", 60, 60, 36, 36, 270],
		[79, "D32_2", 600, -400, "T", "DIP", "$1N3075", "", "C", 60, 60, 36, 36, 270],
		[80, "D32_2", 600, -400, "B", "DIP", "$1N3075", "", "C", 60, 60, 36, 36, 270],
		[81, "D33_1", 500, -300, "T", "DIP", "I0", "", "R", 60, 60, 36, 36, 270],
		[82, "D33_1", 500, -300, "B", "DIP", "I0", "", "R", 60, 60, 36, 36, 270],
		[83, "D33_2", 500, -400, "T", "DIP", "$1N3114", "", "C", 60, 60, 36, 36, 270],
		[84, "D33_2", 500, -400, "B", "DIP", "$1N3114", "", "C", 60, 60, 36, 36, 270],
		[85, "D34_1", 400, -300, "T", "DIP", "I0", "", "R", 60, 60, 36, 36, 270],
		[86, "D34_1", 400, -300, "B", "DIP", "I0", "", "R", 60, 60, 36, 36, 270],
		[87, "D34_2", 400, -400, "T", "DIP", "$1N3153", "", "C", 60, 60, 36, 36, 270],
		[88, "D34_2", 400, -400, "B", "DIP", "$1N3153", "", "C", 60, 60, 36, 36, 270],
		[89, "D35_1", 300, -300, "T", "DIP", "I0", "", "R", 60, 60, 36, 36, 270],
		[90, "D35_1", 300, -300, "B", "DIP", "I0", "", "R", 60, 60, 36, 36, 270],
		[91, "D35_2", 300, -400, "T", "DIP", "$1N3192", "", "C", 60, 60, 36, 36, 270],
		[92, "D35_2", 300, -400, "B", "DIP", "$1N3192", "", "C", 60, 60, 36, 36, 270],
		[93, "D36_1", 200, -300, "T", "DIP", "I0", "", "R", 60, 60, 36, 36, 270],
		[94, "D36_1", 200, -300, "B", "DIP", "I0", "", "R", 60, 60, 36, 36, 270],
		[95, "D36_2", 200, -400, "T", "DIP", "$1N3231", "", "C", 60, 60, 36, 36, 270],
		[96, "D36_2", 200, -400, "B", "DIP", "$1N3231", "", "C", 60, 60, 36, 36, 270],
		[97, "D37_1", 1400, -200, "T", "DIP", "I0", "", "R", 60, 60, 36, 36, 270],
		[98, "D37_1", 1400, -200, "B", "DIP", "I0", "", "R", 60, 60, 36, 36, 270],
		[99, "D37_2", 1400, -300, "T", "DIP", "$1N4020", "", "C", 60, 60, 36, 36, 270],
		[100, "D37_2", 1400, -300, "B", "DIP", "$1N4020", "", "C", 60, 60, 36, 36, 270],
		[101, "SCREW1_1", 1425, -625, "T", "DIP", "GND", "GND", "C", 78.7402, 78.7402, 78.7402, 78.7402, 0],
		[102, "SCREW1_1", 1425, -625, "B", "DIP", "GND", "GND", "C", 78.7402, 78.7402, 78.7402, 78.7402, 0],
		[103, "SCREW2_1", 0, 125, "T", "DIP", "GND", "GND", "C", 78.7402, 78.7402, 78.7402, 78.7402, 0],
		[104, "SCREW2_1", 0, 125, "B", "DIP", "GND", "GND", "C", 78.7402, 78.7402, 78.7402, 78.7402, 0],
		[105, "SCREW3_1", 1425, 125, "T", "DIP", "GND", "GND", "C", 78.7402, 78.7402, 78.7402, 78.7402, 0],
		[106, "SCREW3_1", 1425, 125, "B", "DIP", "GND", "GND", "C", 78.7402, 78.7402, 78.7402, 78.7402, 0],
		[107, "SCREW4_1", 0, -625, "T", "DIP", "GND", "GND", "C", 78.7402, 78.7402, 78.7402, 78.7402, 0],
		[108, "SCREW4_1", 0, -625, "B", "DIP", "GND", "GND", "C", 78.7402, 78.7402, 78.7402, 78.7402, 0],
		[109, "U1_1", 1300, 100, "T", "DIP", "S3", "", "R", 66.929, 66.929, 43.308, 43.308, 180],
		[110, "U1_1", 1300, 100, "B", "DIP", "S3", "", "R", 66.929, 66.929, 43.308, 43.308, 180],
		[111, "U1_2", 1300, 0, "T", "DIP", "$1N2763", "", "C", 66.929, 66.929, 43.308, 43.308, 180],
		[112, "U1_2", 1300, 0, "B", "DIP", "$1N2763", "", "C", 66.929, 66.929, 43.308, 43.308, 180],
		[113, "U1_3", 1200, 100, "T", "DIP", "S4", "", "C", 66.929, 66.929, 43.308, 43.308, 180],
		[114, "U1_3", 1200, 100, "B", "DIP", "S4", "", "C", 66.929, 66.929, 43.308, 43.308, 180],
		[115, "U1_4", 1200, 0, "T", "DIP", "$1N2724", "", "C", 66.929, 66.929, 43.308, 43.308, 180],
		[116, "U1_4", 1200, 0, "B", "DIP", "$1N2724", "", "C", 66.929, 66.929, 43.308, 43.308, 180],
		[117, "U1_5", 1100, 100, "T", "DIP", "S0", "", "C", 66.929, 66.929, 43.308, 43.308, 180],
		[118, "U1_5", 1100, 100, "B", "DIP", "S0", "", "C", 66.929, 66.929, 43.308, 43.308, 180],
		[119, "U1_6", 1100, 0, "T", "DIP", "$1N2685", "", "C", 66.929, 66.929, 43.308, 43.308, 180],
		[120, "U1_6", 1100, 0, "B", "DIP", "$1N2685", "", "C", 66.929, 66.929, 43.308, 43.308, 180],
		[121, "U1_7", 1000, 100, "T", "DIP", "S1", "", "C", 66.929, 66.929, 43.308, 43.308, 180],
		[122, "U1_7", 1000, 100, "B", "DIP", "S1", "", "C", 66.929, 66.929, 43.308, 43.308, 180],
		[123, "U1_8", 1000, 0, "T", "DIP", "$1N2646", "", "C", 66.929, 66.929, 43.308, 43.308, 180],
		[124, "U1_8", 1000, 0, "B", "DIP", "$1N2646", "", "C", 66.929, 66.929, 43.308, 43.308, 180],
		[125, "U1_9", 900, 100, "T", "DIP", "S2", "", "C", 66.929, 66.929, 43.308, 43.308, 180],
		[126, "U1_9", 900, 100, "B", "DIP", "S2", "", "C", 66.929, 66.929, 43.308, 43.308, 180],
		[127, "U1_10", 900, 0, "T", "DIP", "$1N2607", "", "C", 66.929, 66.929, 43.308, 43.308, 180],
		[128, "U1_10", 900, 0, "B", "DIP", "$1N2607", "", "C", 66.929, 66.929, 43.308, 43.308, 180],
		[129, "U1_11", 800, 100, "T", "DIP", "S3", "", "C", 66.929, 66.929, 43.308, 43.308, 180],
		[130, "U1_11", 800, 100, "B", "DIP", "S3", "", "C", 66.929, 66.929, 43.308, 43.308, 180],
		[131, "U1_12", 800, 0, "T", "DIP", "$1N2568", "", "C", 66.929, 66.929, 43.308, 43.308, 180],
		[132, "U1_12", 800, 0, "B", "DIP", "$1N2568", "", "C", 66.929, 66.929, 43.308, 43.308, 180],
		[133, "U1_13", 700, 100, "T", "DIP", "S4", "", "C", 66.929, 66.929, 43.308, 43.308, 180],
		[134, "U1_13", 700, 100, "B", "DIP", "S4", "", "C", 66.929, 66.929, 43.308, 43.308, 180],
		[135, "U1_14", 700, 0, "T", "DIP", "$1N2529", "", "C", 66.929, 66.929, 43.308, 43.308, 180],
		[136, "U1_14", 700, 0, "B", "DIP", "$1N2529", "", "C", 66.929, 66.929, 43.308, 43.308, 180],
		[137, "U1_15", 600, 100, "T", "DIP", "S0", "", "C", 66.929, 66.929, 43.308, 43.308, 180],
		[138, "U1_15", 600, 100, "B", "DIP", "S0", "", "C", 66.929, 66.929, 43.308, 43.308, 180],
		[139, "U1_16", 600, 0, "T", "DIP", "$1N2490", "", "C", 66.929, 66.929, 43.308, 43.308, 180],
		[140, "U1_16", 600, 0, "B", "DIP", "$1N2490", "", "C", 66.929, 66.929, 43.308, 43.308, 180],
		[141, "U1_17", 500, 100, "T", "DIP", "S1", "", "C", 66.929, 66.929, 43.308, 43.308, 180],
		[142, "U1_17", 500, 100, "B", "DIP", "S1", "", "C", 66.929, 66.929, 43.308, 43.308, 180],
		[143, "U1_18", 500, 0, "T", "DIP", "$1N2451", "", "C", 66.929, 66.929, 43.308, 43.308, 180],
		[144, "U1_18", 500, 0, "B", "DIP", "$1N2451", "", "C", 66.929, 66.929, 43.308, 43.308, 180],
		[145, "U1_19", 400, 100, "T", "DIP", "S2", "", "C", 66.929, 66.929, 43.308, 43.308, 180],
		[146, "U1_19", 400, 100, "B", "DIP", "S2", "", "C", 66.929, 66.929, 43.308, 43.308, 180],
		[147, "U1_20", 400, 0, "T", "DIP", "$1N2412", "", "C", 66.929, 66.929, 43.308, 43.308, 180],
		[148, "U1_20", 400, 0, "B", "DIP", "$1N2412", "", "C", 66.929, 66.929, 43.308, 43.308, 180],
		[149, "U1_21", 300, 100, "T", "DIP", "S3", "", "C", 66.929, 66.929, 43.308, 43.308, 180],
		[150, "U1_21", 300, 100, "B", "DIP", "S3", "", "C", 66.929, 66.929, 43.308, 43.308, 180],
		[151, "U1_22", 300, 0, "T", "DIP", "$1N2373", "", "C", 66.929, 66.929, 43.308, 43.308, 180],
		[152, "U1_22", 300, 0, "B", "DIP", "$1N2373", "", "C", 66.929, 66.929, 43.308, 43.308, 180],
		[153, "U1_23", 200, 100, "T", "DIP", "S4", "", "C", 66.929, 66.929, 43.308, 43.308, 180],
		[154, "U1_23", 200, 100, "B", "DIP", "S4", "", "C", 66.929, 66.929, 43.308, 43.308, 180],
		[155, "U1_24", 200, 0, "T", "DIP", "$1N1290", "", "C", 66.929, 66.929, 43.308, 43.308, 180],
		[156, "U1_24", 200, 0, "B", "DIP", "$1N1290", "", "C", 66.929, 66.929, 43.308, 43.308, 180],
		[157, "U2_1", 200, -600, "T", "DIP", "S1", "", "R", 66.929, 66.929, 43.308, 43.308, 0],
		[158, "U2_1", 200, -600, "B", "DIP", "S1", "", "R", 66.929, 66.929, 43.308, 43.308, 0],
		[159, "U2_2", 200, -500, "T", "DIP", "$1N3231", "", "C", 66.929, 66.929, 43.308, 43.308, 0],
		[160, "U2_2", 200, -500, "B", "DIP", "$1N3231", "", "C", 66.929, 66.929, 43.308, 43.308, 0],
		[161, "U2_3", 300, -600, "T", "DIP", "S2", "", "C", 66.929, 66.929, 43.308, 43.308, 0],
		[162, "U2_3", 300, -600, "B", "DIP", "S2", "", "C", 66.929, 66.929, 43.308, 43.308, 0],
		[163, "U2_4", 300, -500, "T", "DIP", "$1N3192", "", "C", 66.929, 66.929, 43.308, 43.308, 0],
		[164, "U2_4", 300, -500, "B", "DIP", "$1N3192", "", "C", 66.929, 66.929, 43.308, 43.308, 0],
		[165, "U2_5", 400, -600, "T", "DIP", "S3", "", "C", 66.929, 66.929, 43.308, 43.308, 0],
		[166, "U2_5", 400, -600, "B", "DIP", "S3", "", "C", 66.929, 66.929, 43.308, 43.308, 0],
		[167, "U2_6", 400, -500, "T", "DIP", "$1N3153", "", "C", 66.929, 66.929, 43.308, 43.308, 0],
		[168, "U2_6", 400, -500, "B", "DIP", "$1N3153", "", "C", 66.929, 66.929, 43.308, 43.308, 0],
		[169, "U2_7", 500, -600, "T", "DIP", "S4", "", "C", 66.929, 66.929, 43.308, 43.308, 0],
		[170, "U2_7", 500, -600, "B", "DIP", "S4", "", "C", 66.929, 66.929, 43.308, 43.308, 0],
		[171, "U2_8", 500, -500, "T", "DIP", "$1N3114", "", "C", 66.929, 66.929, 43.308, 43.308, 0],
		[172, "U2_8", 500, -500, "B", "DIP", "$1N3114", "", "C", 66.929, 66.929, 43.308, 43.308, 0],
		[173, "U2_9", 600, -600, "T", "DIP", "S0", "", "C", 66.929, 66.929, 43.308, 43.308, 0],
		[174, "U2_9", 600, -600, "B", "DIP", "S0", "", "C", 66.929, 66.929, 43.308, 43.308, 0],
		[175, "U2_10", 600, -500, "T", "DIP", "$1N3075", "", "C", 66.929, 66.929, 43.308, 43.308, 0],
		[176, "U2_10", 600, -500, "B", "DIP", "$1N3075", "", "C", 66.929, 66.929, 43.308, 43.308, 0],
		[177, "U2_11", 700, -600, "T", "DIP", "S1", "", "C", 66.929, 66.929, 43.308, 43.308, 0],
		[178, "U2_11", 700, -600, "B", "DIP", "S1", "", "C", 66.929, 66.929, 43.308, 43.308, 0],
		[179, "U2_12", 700, -500, "T", "DIP", "$1N3036", "", "C", 66.929, 66.929, 43.308, 43.308, 0],
		[180, "U2_12", 700, -500, "B", "DIP", "$1N3036", "", "C", 66.929, 66.929, 43.308, 43.308, 0],
		[181, "U2_13", 800, -600, "T", "DIP", "S2", "", "C", 66.929, 66.929, 43.308, 43.308, 0],
		[182, "U2_13", 800, -600, "B", "DIP", "S2", "", "C", 66.929, 66.929, 43.308, 43.308, 0],
		[183, "U2_14", 800, -500, "T", "DIP", "$1N2997", "", "C", 66.929, 66.929, 43.308, 43.308, 0],
		[184, "U2_14", 800, -500, "B", "DIP", "$1N2997", "", "C", 66.929, 66.929, 43.308, 43.308, 0],
		[185, "U2_15", 900, -600, "T", "DIP", "S3", "", "C", 66.929, 66.929, 43.308, 43.308, 0],
		[186, "U2_15", 900, -600, "B", "DIP", "S3", "", "C", 66.929, 66.929, 43.308, 43.308, 0],
		[187, "U2_16", 900, -500, "T", "DIP", "$1N2958", "", "C", 66.929, 66.929, 43.308, 43.308, 0],
		[188, "U2_16", 900, -500, "B", "DIP", "$1N2958", "", "C", 66.929, 66.929, 43.308, 43.308, 0],
		[189, "U2_17", 1000, -600, "T", "DIP", "S4", "", "C", 66.929, 66.929, 43.308, 43.308, 0],
		[190, "U2_17", 1000, -600, "B", "DIP", "S4", "", "C", 66.929, 66.929, 43.308, 43.308, 0],
		[191, "U2_18", 1000, -500, "T", "DIP", "$1N2919", "", "C", 66.929, 66.929, 43.308, 43.308, 0],
		[192, "U2_18", 1000, -500, "B", "DIP", "$1N2919", "", "C", 66.929, 66.929, 43.308, 43.308, 0],
		[193, "U2_19", 1100, -600, "T", "DIP", "S0", "", "C", 66.929, 66.929, 43.308, 43.308, 0],
		[194, "U2_19", 1100, -600, "B", "DIP", "S0", "", "C", 66.929, 66.929, 43.308, 43.308, 0],
		[195, "U2_20", 1100, -500, "T", "DIP", "$1N2880", "", "C", 66.929, 66.929, 43.308, 43.308, 0],
		[196, "U2_20", 1100, -500, "B", "DIP", "$1N2880", "", "C", 66.929, 66.929, 43.308, 43.308, 0],
		[197, "U2_21", 1200, -600, "T", "DIP", "S1", "", "C", 66.929, 66.929, 43.308, 43.308, 0],
		[198, "U2_21", 1200, -600, "B", "DIP", "S1", "", "C", 66.929, 66.929, 43.308, 43.308, 0],
		[199, "U2_22", 1200, -500, "T", "DIP", "$1N2841", "", "C", 66.929, 66.929, 43.308, 43.308, 0],
		[200, "U2_22", 1200, -500, "B", "DIP", "$1N2841", "", "C", 66.929, 66.929, 43.308, 43.308, 0],
		[201, "U2_23", 1300, -600, "T", "DIP", "S2", "", "C", 66.929, 66.929, 43.308, 43.308, 0],
		[202, "U2_23", 1300, -600, "B", "DIP", "S2", "", "C", 66.929, 66.929, 43.308, 43.308, 0],
		[203, "U2_24", 1300, -500, "T", "DIP", "$1N2802", "", "C", 66.929, 66.929, 43.308, 43.308, 0],
		[204, "U2_24", 1300, -500, "B", "DIP", "$1N2802", "", "C", 66.929, 66.929, 43.308, 43.308, 0],
		[205, "U4_1", 0, 0, "T", "DIP", "S4", "", "R", 66.929, 66.929, 43.308, 43.308, 270],
		[206, "U4_1", 0, 0, "B", "DIP", "S4", "", "R", 66.929, 66.929, 43.308, 43.308, 270],
		[207, "U4_2", 100, 0, "T", "DIP", "I4", "", "C", 66.929, 66.929, 43.308, 43.308, 270],
		[208, "U4_2", 100, 0, "B", "DIP", "I4", "", "C", 66.929, 66.929, 43.308, 43.308, 270],
		[209, "U4_3", 0, -100, "T", "DIP", "S3", "", "C", 66.929, 66.929, 43.308, 43.308, 270],
		[210, "U4_3", 0, -100, "B", "DIP", "S3", "", "C", 66.929, 66.929, 43.308, 43.308, 270],
		[211, "U4_4", 100, -100, "T", "DIP", "I3", "", "C", 66.929, 66.929, 43.308, 43.308, 270],
		[212, "U4_4", 100, -100, "B", "DIP", "I3", "", "C", 66.929, 66.929, 43.308, 43.308, 270],
		[213, "U4_5", 0, -200, "T", "DIP", "S2", "", "C", 66.929, 66.929, 43.308, 43.308, 270],
		[214, "U4_5", 0, -200, "B", "DIP", "S2", "", "C", 66.929, 66.929, 43.308, 43.308, 270],
		[215, "U4_6", 100, -200, "T", "DIP", "I2", "", "C", 66.929, 66.929, 43.308, 43.308, 270],
		[216, "U4_6", 100, -200, "B", "DIP", "I2", "", "C", 66.929, 66.929, 43.308, 43.308, 270],
		[217, "U4_7", 0, -300, "T", "DIP", "S1", "", "C", 66.929, 66.929, 43.308, 43.308, 270],
		[218, "U4_7", 0, -300, "B", "DIP", "S1", "", "C", 66.929, 66.929, 43.308, 43.308, 270],
		[219, "U4_8", 100, -300, "T", "DIP", "I1", "", "C", 66.929, 66.929, 43.308, 43.308, 270],
		[220, "U4_8", 100, -300, "B", "DIP", "I1", "", "C", 66.929, 66.929, 43.308, 43.308, 270],
		[221, "U4_9", 0, -400, "T", "DIP", "S0", "", "C", 66.929, 66.929, 43.308, 43.308, 270],
		[222, "U4_9", 0, -400, "B", "DIP", "S0", "", "C", 66.929, 66.929, 43.308, 43.308, 270],
		[223, "U4_10", 100, -400, "T", "DIP", "I0", "", "C", 66.929, 66.929, 43.308, 43.308, 270],
		[224, "U4_10", 100, -400, "B", "DIP", "I0", "", "C", 66.929, 66.929, 43.308, 43.308, 270],
		[225, "U4_11", 0, -500, "T", "DIP", "S0", "", "C", 66.929, 66.929, 43.308, 43.308, 270],
		[226, "U4_11", 0, -500, "B", "DIP", "S0", "", "C", 66.929, 66.929, 43.308, 43.308, 270],
		[227, "U4_12", 100, -500, "T", "DIP", "$1N4020", "", "C", 66.929, 66.929, 43.308, 43.308, 270],
		[228, "U4_12", 100, -500, "B", "DIP", "$1N4020", "", "C", 66.929, 66.929, 43.308, 43.308, 270],
		[229, "PAD1_21", 300, 100, "T", "DIP", "S3", "", "C", 66.929, 66.929, 43.308, 43.308, 180],
		[230, "PAD1_21", 300, 100, "B", "DIP", "S3", "", "C", 66.929, 66.929, 43.308, 43.308, 180],
		[231, "PAD2_22", 300, 0, "T", "DIP", "$1N2373", "", "C", 66.929, 66.929, 43.308, 43.308, 180],
		[232, "PAD2_22", 300, 0, "B", "DIP", "$1N2373", "", "C", 66.929, 66.929, 43.308, 43.308, 180],
		[233, "PAD3_1", 1300, 100, "T", "DIP", "S3", "", "R", 66.929, 66.929, 43.308, 43.308, 180],
		[234, "PAD3_1", 1300, 100, "B", "DIP", "S3", "", "R", 66.929, 66.929, 43.308, 43.308, 180],
		[235, "PAD4_2", 1300, 0, "T", "DIP", "$1N2763", "", "C", 66.929, 66.929, 43.308, 43.308, 180],
		[236, "PAD4_2", 1300, 0, "B", "DIP", "$1N2763", "", "C", 66.929, 66.929, 43.308, 43.308, 180],
		[237, "PAD5_3", 1200, 100, "T", "DIP", "S4", "", "C", 66.929, 66.929, 43.308, 43.308, 180],
		[238, "PAD5_3", 1200, 100, "B", "DIP", "S4", "", "C", 66.929, 66.929, 43.308, 43.308, 180],
		[239, "PAD6_4", 1200, 0, "T", "DIP", "$1N2724", "", "C", 66.929, 66.929, 43.308, 43.308, 180],
		[240, "PAD6_4", 1200, 0, "B", "DIP", "$1N2724", "", "C", 66.929, 66.929, 43.308, 43.308, 180],
		[241, "PAD7_5", 1100, 100, "T", "DIP", "S0", "", "C", 66.929, 66.929, 43.308, 43.308, 180],
		[242, "PAD7_5", 1100, 100, "B", "DIP", "S0", "", "C", 66.929, 66.929, 43.308, 43.308, 180],
		[243, "PAD8_6", 1100, 0, "T", "DIP", "$1N2685", "", "C", 66.929, 66.929, 43.308, 43.308, 180],
		[244, "PAD8_6", 1100, 0, "B", "DIP", "$1N2685", "", "C", 66.929, 66.929, 43.308, 43.308, 180],
		[245, "PAD9_7", 1000, 100, "T", "DIP", "S1", "", "C", 66.929, 66.929, 43.308, 43.308, 180],
		[246, "PAD9_7", 1000, 100, "B", "DIP", "S1", "", "C", 66.929, 66.929, 43.308, 43.308, 180],
		[247, "PAD10_8", 1000, 0, "T", "DIP", "$1N2646", "", "C", 66.929, 66.929, 43.308, 43.308, 180],
		[248, "PAD10_8", 1000, 0, "B", "DIP", "$1N2646", "", "C", 66.929, 66.929, 43.308, 43.308, 180],
		[249, "PAD11_9", 900, 100, "T", "DIP", "S2", "", "C", 66.929, 66.929, 43.308, 43.308, 180],
		[250, "PAD11_9", 900, 100, "B", "DIP", "S2", "", "C", 66.929, 66.929, 43.308, 43.308, 180],
		[251, "PAD12_10", 900, 0, "T", "DIP", "$1N2607", "", "C", 66.929, 66.929, 43.308, 43.308, 180],
		[252, "PAD12_10", 900, 0, "B", "DIP", "$1N2607", "", "C", 66.929, 66.929, 43.308, 43.308, 180],
		[253, "PAD13_11", 800, 100, "T", "DIP", "S3", "", "C", 66.929, 66.929, 43.308, 43.308, 180],
		[254, "PAD13_11", 800, 100, "B", "DIP", "S3", "", "C", 66.929, 66.929, 43.308, 43.308, 180],
		[255, "PAD14_12", 800, 0, "T", "DIP", "$1N2568", "", "C", 66.929, 66.929, 43.308, 43.308, 180],
		[256, "PAD14_12", 800, 0, "B", "DIP", "$1N2568", "", "C", 66.929, 66.929, 43.308, 43.308, 180],
		[257, "PAD15_13", 700, 100, "T", "DIP", "S4", "", "C", 66.929, 66.929, 43.308, 43.308, 180],
		[258, "PAD15_13", 700, 100, "B", "DIP", "S4", "", "C", 66.929, 66.929, 43.308, 43.308, 180],
		[259, "PAD16_14", 700, 0, "T", "DIP", "$1N2529", "", "C", 66.929, 66.929, 43.308, 43.308, 180],
		[260, "PAD16_14", 700, 0, "B", "DIP", "$1N2529", "", "C", 66.929, 66.929, 43.308, 43.308, 180],
		[261, "PAD17_15", 600, 100, "T", "DIP", "S0", "", "C", 66.929, 66.929, 43.308, 43.308, 180],
		[262, "PAD17_15", 600, 100, "B", "DIP", "S0", "", "C", 66.929, 66.929, 43.308, 43.308, 180],
		[263, "PAD18_16", 600, 0, "T", "DIP", "$1N2490", "", "C", 66.929, 66.929, 43.308, 43.308, 180],
		[264, "PAD18_16", 600, 0, "B", "DIP", "$1N2490", "", "C", 66.929, 66.929, 43.308, 43.308, 180],
		[265, "PAD19_17", 500, 100, "T", "DIP", "S1", "", "C", 66.929, 66.929, 43.308, 43.308, 180],
		[266, "PAD19_17", 500, 100, "B", "DIP", "S1", "", "C", 66.929, 66.929, 43.308, 43.308, 180],
		[267, "PAD20_18", 500, 0, "T", "DIP", "$1N2451", "", "C", 66.929, 66.929, 43.308, 43.308, 180],
		[268, "PAD20_18", 500, 0, "B", "DIP", "$1N2451", "", "C", 66.929, 66.929, 43.308, 43.308, 180],
		[269, "PAD21_19", 400, 100, "T", "DIP", "S2", "", "C", 66.929, 66.929, 43.308, 43.308, 180],
		[270, "PAD21_19", 400, 100, "B", "DIP", "S2", "", "C", 66.929, 66.929, 43.308, 43.308, 180],
		[271, "PAD22_20", 400, 0, "T", "DIP", "$1N2412", "", "C", 66.929, 66.929, 43.308, 43.308, 180],
		[272, "PAD22_20", 400, 0, "B", "DIP", "$1N2412", "", "C", 66.929, 66.929, 43.308, 43.308, 180],
		[273, "PAD23_24", 200, 0, "T", "DIP", "$1N1290", "", "C", 66.929, 66.929, 43.308, 43.308, 180],
		[274, "PAD23_24", 200, 0, "B", "DIP", "$1N1290", "", "C", 66.929, 66.929, 43.308, 43.308, 180],
		[275, "PAD24_23", 200, 100, "T", "DIP", "S4", "", "C", 66.929, 66.929, 43.308, 43.308, 180],
		[276, "PAD24_23", 200, 100, "B", "DIP", "S4", "", "C", 66.929, 66.929, 43.308, 43.308, 180],
		[277, "PAD25_21", 1200, -600, "T", "DIP", "S1", "", "C", 66.929, 66.929, 43.308, 43.308, 0],
		[278, "PAD25_21", 1200, -600, "B", "DIP", "S1", "", "C", 66.929, 66.929, 43.308, 43.308, 0],
		[279, "PAD26_22", 1200, -500, "T", "DIP", "$1N2841", "", "C", 66.929, 66.929, 43.308, 43.308, 0],
		[280, "PAD26_22", 1200, -500, "B", "DIP", "$1N2841", "", "C", 66.929, 66.929, 43.308, 43.308, 0],
		[281, "PAD27_1", 200, -600, "T", "DIP", "S1", "", "R", 66.929, 66.929, 43.308, 43.308, 0],
		[282, "PAD27_1", 200, -600, "B", "DIP", "S1", "", "R", 66.929, 66.929, 43.308, 43.308, 0],
		[283, "PAD28_2", 200, -500, "T", "DIP", "$1N3231", "", "C", 66.929, 66.929, 43.308, 43.308, 0],
		[284, "PAD28_2", 200, -500, "B", "DIP", "$1N3231", "", "C", 66.929, 66.929, 43.308, 43.308, 0],
		[285, "PAD29_3", 300, -600, "T", "DIP", "S2", "", "C", 66.929, 66.929, 43.308, 43.308, 0],
		[286, "PAD29_3", 300, -600, "B", "DIP", "S2", "", "C", 66.929, 66.929, 43.308, 43.308, 0],
		[287, "PAD30_4", 300, -500, "T", "DIP", "$1N3192", "", "C", 66.929, 66.929, 43.308, 43.308, 0],
		[288, "PAD30_4", 300, -500, "B", "DIP", "$1N3192", "", "C", 66.929, 66.929, 43.308, 43.308, 0],
		[289, "PAD31_5", 400, -600, "T", "DIP", "S3", "", "C", 66.929, 66.929, 43.308, 43.308, 0],
		[290, "PAD31_5", 400, -600, "B", "DIP", "S3", "", "C", 66.929, 66.929, 43.308, 43.308, 0],
		[291, "PAD32_6", 400, -500, "T", "DIP", "$1N3153", "", "C", 66.929, 66.929, 43.308, 43.308, 0],
		[292, "PAD32_6", 400, -500, "B", "DIP", "$1N3153", "", "C", 66.929, 66.929, 43.308, 43.308, 0],
		[293, "PAD33_7", 500, -600, "T", "DIP", "S4", "", "C", 66.929, 66.929, 43.308, 43.308, 0],
		[294, "PAD33_7", 500, -600, "B", "DIP", "S4", "", "C", 66.929, 66.929, 43.308, 43.308, 0],
		[295, "PAD34_8", 500, -500, "T", "DIP", "$1N3114", "", "C", 66.929, 66.929, 43.308, 43.308, 0],
		[296, "PAD34_8", 500, -500, "B", "DIP", "$1N3114", "", "C", 66.929, 66.929, 43.308, 43.308, 0],
		[297, "PAD35_9", 600, -600, "T", "DIP", "S0", "", "C", 66.929, 66.929, 43.308, 43.308, 0],
		[298, "PAD35_9", 600, -600, "B", "DIP", "S0", "", "C", 66.929, 66.929, 43.308, 43.308, 0],
		[299, "PAD36_10", 600, -500, "T", "DIP", "$1N3075", "", "C", 66.929, 66.929, 43.308, 43.308, 0],
		[300, "PAD36_10", 600, -500, "B", "DIP", "$1N3075", "", "C", 66.929, 66.929, 43.308, 43.308, 0],
		[301, "PAD37_11", 700, -600, "T", "DIP", "S1", "", "C", 66.929, 66.929, 43.308, 43.308, 0],
		[302, "PAD37_11", 700, -600, "B", "DIP", "S1", "", "C", 66.929, 66.929, 43.308, 43.308, 0],
		[303, "PAD38_12", 700, -500, "T", "DIP", "$1N3036", "", "C", 66.929, 66.929, 43.308, 43.308, 0],
		[304, "PAD38_12", 700, -500, "B", "DIP", "$1N3036", "", "C", 66.929, 66.929, 43.308, 43.308, 0],
		[305, "PAD39_13", 800, -600, "T", "DIP", "S2", "", "C", 66.929, 66.929, 43.308, 43.308, 0],
		[306, "PAD39_13", 800, -600, "B", "DIP", "S2", "", "C", 66.929, 66.929, 43.308, 43.308, 0],
		[307, "PAD40_14", 800, -500, "T", "DIP", "$1N2997", "", "C", 66.929, 66.929, 43.308, 43.308, 0],
		[308, "PAD40_14", 800, -500, "B", "DIP", "$1N2997", "", "C", 66.929, 66.929, 43.308, 43.308, 0],
		[309, "PAD41_15", 900, -600, "T", "DIP", "S3", "", "C", 66.929, 66.929, 43.308, 43.308, 0],
		[310, "PAD41_15", 900, -600, "B", "DIP", "S3", "", "C", 66.929, 66.929, 43.308, 43.308, 0],
		[311, "PAD42_16", 900, -500, "T", "DIP", "$1N2958", "", "C", 66.929, 66.929, 43.308, 43.308, 0],
		[312, "PAD42_16", 900, -500, "B", "DIP", "$1N2958", "", "C", 66.929, 66.929, 43.308, 43.308, 0],
		[313, "PAD43_17", 1000, -600, "T", "DIP", "S4", "", "C", 66.929, 66.929, 43.308, 43.308, 0],
		[314, "PAD43_17", 1000, -600, "B", "DIP", "S4", "", "C", 66.929, 66.929, 43.308, 43.308, 0],
		[315, "PAD44_18", 1000, -500, "T", "DIP", "$1N2919", "", "C", 66.929, 66.929, 43.308, 43.308, 0],
		[316, "PAD44_18", 1000, -500, "B", "DIP", "$1N2919", "", "C", 66.929, 66.929, 43.308, 43.308, 0],
		[317, "PAD45_19", 1100, -600, "T", "DIP", "S0", "", "C", 66.929, 66.929, 43.308, 43.308, 0],
		[318, "PAD45_19", 1100, -600, "B", "DIP", "S0", "", "C", 66.929, 66.929, 43.308, 43.308, 0],
		[319, "PAD46_20", 1100, -500, "T", "DIP", "$1N2880", "", "C", 66.929, 66.929, 43.308, 43.308, 0],
		[320, "PAD46_20", 1100, -500, "B", "DIP", "$1N2880", "", "C", 66.929, 66.929, 43.308, 43.308, 0],
		[321, "PAD47_24", 1300, -500, "T", "DIP", "$1N2802", "", "C", 66.929, 66.929, 43.308, 43.308, 0],
		[322, "PAD47_24", 1300, -500, "B", "DIP", "$1N2802", "", "C", 66.929, 66.929, 43.308, 43.308, 0],
		[323, "PAD48_23", 1300, -600, "T", "DIP", "S2", "", "C", 66.929, 66.929, 43.308, 43.308, 0],
		[324, "PAD48_23", 1300, -600, "B", "DIP", "S2", "", "C", 66.929, 66.929, 43.308, 43.308, 0],
		[325, "PAD49_1", 0, 0, "T", "DIP", "S4", "", "R", 66.929, 66.929, 43.308, 43.308, 270],
		[326, "PAD49_1", 0, 0, "B", "DIP", "S4", "", "R", 66.929, 66.929, 43.308, 43.308, 270],
		[327, "PAD50_2", 100, 0, "T", "DIP", "I4", "", "C", 66.929, 66.929, 43.308, 43.308, 270],
		[328, "PAD50_2", 100, 0, "B", "DIP", "I4", "", "C", 66.929, 66.929, 43.308, 43.308, 270],
		[329, "PAD51_3", 0, -100, "T", "DIP", "S3", "", "C", 66.929, 66.929, 43.308, 43.308, 270],
		[330, "PAD51_3", 0, -100, "B", "DIP", "S3", "", "C", 66.929, 66.929, 43.308, 43.308, 270],
		[331, "PAD52_4", 100, -100, "T", "DIP", "I3", "", "C", 66.929, 66.929, 43.308, 43.308, 270],
		[332, "PAD52_4", 100, -100, "B", "DIP", "I3", "", "C", 66.929, 66.929, 43.308, 43.308, 270],
		[333, "PAD53_5", 0, -200, "T", "DIP", "S2", "", "C", 66.929, 66.929, 43.308, 43.308, 270],
		[334, "PAD53_5", 0, -200, "B", "DIP", "S2", "", "C", 66.929, 66.929, 43.308, 43.308, 270],
		[335, "PAD54_6", 100, -200, "T", "DIP", "I2", "", "C", 66.929, 66.929, 43.308, 43.308, 270],
		[336, "PAD54_6", 100, -200, "B", "DIP", "I2", "", "C", 66.929, 66.929, 43.308, 43.308, 270],
		[337, "PAD55_7", 0, -300, "T", "DIP", "S1", "", "C", 66.929, 66.929, 43.308, 43.308, 270],
		[338, "PAD55_7", 0, -300, "B", "DIP", "S1", "", "C", 66.929, 66.929, 43.308, 43.308, 270],
		[339, "PAD56_8", 100, -300, "T", "DIP", "I1", "", "C", 66.929, 66.929, 43.308, 43.308, 270],
		[340, "PAD56_8", 100, -300, "B", "DIP", "I1", "", "C", 66.929, 66.929, 43.308, 43.308, 270],
		[341, "PAD57_9", 0, -400, "T", "DIP", "S0", "", "C", 66.929, 66.929, 43.308, 43.308, 270],
		[342, "PAD57_9", 0, -400, "B", "DIP", "S0", "", "C", 66.929, 66.929, 43.308, 43.308, 270],
		[343, "PAD58_10", 100, -400, "T", "DIP", "I0", "", "C", 66.929, 66.929, 43.308, 43.308, 270],
		[344, "PAD58_10", 100, -400, "B", "DIP", "I0", "", "C", 66.929, 66.929, 43.308, 43.308, 270],
		[345, "PAD59_11", 0, -500, "T", "DIP", "S0", "", "C", 66.929, 66.929, 43.308, 43.308, 270],
		[346, "PAD59_11", 0, -500, "B", "DIP", "S0", "", "C", 66.929, 66.929, 43.308, 43.308, 270],
		[347, "PAD60_12", 100, -500, "T", "DIP", "$1N4020", "", "C", 66.929, 66.929, 43.308, 43.308, 270],
		[348, "PAD60_12", 100, -500, "B", "DIP", "$1N4020", "", "C", 66.929, 66.929, 43.308, 43.308, 270],
		[349, "PAD61_2", 200, -100, "T", "DIP", "$1N1290", "", "C", 60, 60, 36, 36, 90],
		[350, "PAD61_2", 200, -100, "B", "DIP", "$1N1290", "", "C", 60, 60, 36, 36, 90],
		[351, "PAD62_1", 200, -200, "T", "DIP", "I4", "", "R", 60, 60, 36, 36, 90],
		[352, "PAD62_1", 200, -200, "B", "DIP", "I4", "", "R", 60, 60, 36, 36, 90],
		[353, "PAD63_2", 300, -100, "T", "DIP", "$1N2373", "", "C", 60, 60, 36, 36, 90],
		[354, "PAD63_2", 300, -100, "B", "DIP", "$1N2373", "", "C", 60, 60, 36, 36, 90],
		[355, "PAD64_1", 300, -200, "T", "DIP", "I4", "", "R", 60, 60, 36, 36, 90],
		[356, "PAD64_1", 300, -200, "B", "DIP", "I4", "", "R", 60, 60, 36, 36, 90],
		[357, "PAD65_2", 400, -100, "T", "DIP", "$1N2412", "", "C", 60, 60, 36, 36, 90],
		[358, "PAD65_2", 400, -100, "B", "DIP", "$1N2412", "", "C", 60, 60, 36, 36, 90],
		[359, "PAD66_1", 400, -200, "T", "DIP", "I4", "", "R", 60, 60, 36, 36, 90],
		[360, "PAD66_1", 400, -200, "B", "DIP", "I4", "", "R", 60, 60, 36, 36, 90],
		[361, "PAD67_2", 500, -100, "T", "DIP", "$1N2451", "", "C", 60, 60, 36, 36, 90],
		[362, "PAD67_2", 500, -100, "B", "DIP", "$1N2451", "", "C", 60, 60, 36, 36, 90],
		[363, "PAD68_1", 500, -200, "T", "DIP", "I4", "", "R", 60, 60, 36, 36, 90],
		[364, "PAD68_1", 500, -200, "B", "DIP", "I4", "", "R", 60, 60, 36, 36, 90],
		[365, "PAD69_2", 600, -100, "T", "DIP", "$1N2490", "", "C", 60, 60, 36, 36, 90],
		[366, "PAD69_2", 600, -100, "B", "DIP", "$1N2490", "", "C", 60, 60, 36, 36, 90],
		[367, "PAD70_1", 600, -200, "T", "DIP", "I4", "", "R", 60, 60, 36, 36, 90],
		[368, "PAD70_1", 600, -200, "B", "DIP", "I4", "", "R", 60, 60, 36, 36, 90],
		[369, "PAD71_2", 700, -100, "T", "DIP", "$1N2529", "", "C", 60, 60, 36, 36, 90],
		[370, "PAD71_2", 700, -100, "B", "DIP", "$1N2529", "", "C", 60, 60, 36, 36, 90],
		[371, "PAD72_1", 700, -200, "T", "DIP", "I3", "", "R", 60, 60, 36, 36, 90],
		[372, "PAD72_1", 700, -200, "B", "DIP", "I3", "", "R", 60, 60, 36, 36, 90],
		[373, "PAD73_2", 800, -100, "T", "DIP", "$1N2568", "", "C", 60, 60, 36, 36, 90],
		[374, "PAD73_2", 800, -100, "B", "DIP", "$1N2568", "", "C", 60, 60, 36, 36, 90],
		[375, "PAD74_1", 800, -200, "T", "DIP", "I3", "", "R", 60, 60, 36, 36, 90],
		[376, "PAD74_1", 800, -200, "B", "DIP", "I3", "", "R", 60, 60, 36, 36, 90],
		[377, "PAD75_2", 900, -100, "T", "DIP", "$1N2607", "", "C", 60, 60, 36, 36, 90],
		[378, "PAD75_2", 900, -100, "B", "DIP", "$1N2607", "", "C", 60, 60, 36, 36, 90],
		[379, "PAD76_1", 900, -200, "T", "DIP", "I3", "", "R", 60, 60, 36, 36, 90],
		[380, "PAD76_1", 900, -200, "B", "DIP", "I3", "", "R", 60, 60, 36, 36, 90],
		[381, "PAD77_2", 1000, -100, "T", "DIP", "$1N2646", "", "C", 60, 60, 36, 36, 90],
		[382, "PAD77_2", 1000, -100, "B", "DIP", "$1N2646", "", "C", 60, 60, 36, 36, 90],
		[383, "PAD78_1", 1000, -200, "T", "DIP", "I3", "", "R", 60, 60, 36, 36, 90],
		[384, "PAD78_1", 1000, -200, "B", "DIP", "I3", "", "R", 60, 60, 36, 36, 90],
		[385, "PAD79_2", 1100, -100, "T", "DIP", "$1N2685", "", "C", 60, 60, 36, 36, 90],
		[386, "PAD79_2", 1100, -100, "B", "DIP", "$1N2685", "", "C", 60, 60, 36, 36, 90],
		[387, "PAD80_1", 1100, -200, "T", "DIP", "I3", "", "R", 60, 60, 36, 36, 90],
		[388, "PAD80_1", 1100, -200, "B", "DIP", "I3", "", "R", 60, 60, 36, 36, 90],
		[389, "PAD81_2", 1200, -100, "T", "DIP", "$1N2724", "", "C", 60, 60, 36, 36, 90],
		[390, "PAD81_2", 1200, -100, "B", "DIP", "$1N2724", "", "C", 60, 60, 36, 36, 90],
		[391, "PAD82_1", 1200, -200, "T", "DIP", "I2", "", "R", 60, 60, 36, 36, 90],
		[392, "PAD82_1", 1200, -200, "B", "DIP", "I2", "", "R", 60, 60, 36, 36, 90],
		[393, "PAD83_2", 1300, -100, "T", "DIP", "$1N2763", "", "C", 60, 60, 36, 36, 90],
		[394, "PAD83_2", 1300, -100, "B", "DIP", "$1N2763", "", "C", 60, 60, 36, 36, 90],
		[395, "PAD84_1", 1300, -200, "T", "DIP", "I2", "", "R", 60, 60, 36, 36, 90],
		[396, "PAD84_1", 1300, -200, "B", "DIP", "I2", "", "R", 60, 60, 36, 36, 90],
		[397, "PAD85_2", 1300, -400, "T", "DIP", "$1N2802", "", "C", 60, 60, 36, 36, 270],
		[398, "PAD85_2", 1300, -400, "B", "DIP", "$1N2802", "", "C", 60, 60, 36, 36, 270],
		[399, "PAD86_1", 1300, -300, "T", "DIP", "I2", "", "R", 60, 60, 36, 36, 270],
		[400, "PAD86_1", 1300, -300, "B", "DIP", "I2", "", "R", 60, 60, 36, 36, 270],
		[401, "PAD87_2", 1200, -400, "T", "DIP", "$1N2841", "", "C", 60, 60, 36, 36, 270],
		[402, "PAD87_2", 1200, -400, "B", "DIP", "$1N2841", "", "C", 60, 60, 36, 36, 270],
		[403, "PAD88_1", 1200, -300, "T", "DIP", "I2", "", "R", 60, 60, 36, 36, 270],
		[404, "PAD88_1", 1200, -300, "B", "DIP", "I2", "", "R", 60, 60, 36, 36, 270],
		[405, "PAD89_2", 1100, -400, "T", "DIP", "$1N2880", "", "C", 60, 60, 36, 36, 270],
		[406, "PAD89_2", 1100, -400, "B", "DIP", "$1N2880", "", "C", 60, 60, 36, 36, 270],
		[407, "PAD90_1", 1100, -300, "T", "DIP", "I2", "", "R", 60, 60, 36, 36, 270],
		[408, "PAD90_1", 1100, -300, "B", "DIP", "I2", "", "R", 60, 60, 36, 36, 270],
		[409, "PAD91_2", 1000, -400, "T", "DIP", "$1N2919", "", "C", 60, 60, 36, 36, 270],
		[410, "PAD91_2", 1000, -400, "B", "DIP", "$1N2919", "", "C", 60, 60, 36, 36, 270],
		[411, "PAD92_1", 1000, -300, "T", "DIP", "I1", "", "R", 60, 60, 36, 36, 270],
		[412, "PAD92_1", 1000, -300, "B", "DIP", "I1", "", "R", 60, 60, 36, 36, 270],
		[413, "PAD93_2", 900, -400, "T", "DIP", "$1N2958", "", "C", 60, 60, 36, 36, 270],
		[414, "PAD93_2", 900, -400, "B", "DIP", "$1N2958", "", "C", 60, 60, 36, 36, 270],
		[415, "PAD94_1", 900, -300, "T", "DIP", "I1", "", "R", 60, 60, 36, 36, 270],
		[416, "PAD94_1", 900, -300, "B", "DIP", "I1", "", "R", 60, 60, 36, 36, 270],
		[417, "PAD95_2", 800, -400, "T", "DIP", "$1N2997", "", "C", 60, 60, 36, 36, 270],
		[418, "PAD95_2", 800, -400, "B", "DIP", "$1N2997", "", "C", 60, 60, 36, 36, 270],
		[419, "PAD96_1", 800, -300, "T", "DIP", "I1", "", "R", 60, 60, 36, 36, 270],
		[420, "PAD96_1", 800, -300, "B", "DIP", "I1", "", "R", 60, 60, 36, 36, 270],
		[421, "PAD97_2", 700, -400, "T", "DIP", "$1N3036", "", "C", 60, 60, 36, 36, 270],
		[422, "PAD97_2", 700, -400, "B", "DIP", "$1N3036", "", "C", 60, 60, 36, 36, 270],
		[423, "PAD98_1", 700, -300, "T", "DIP", "I1", "", "R", 60, 60, 36, 36, 270],
		[424, "PAD98_1", 700, -300, "B", "DIP", "I1", "", "R", 60, 60, 36, 36, 270],
		[425, "PAD99_2", 600, -400, "T", "DIP", "$1N3075", "", "C", 60, 60, 36, 36, 270],
		[426, "PAD99_2", 600, -400, "B", "DIP", "$1N3075", "", "C", 60, 60, 36, 36, 270],
		[427, "PAD100_1", 600, -300, "T", "DIP", "I1", "", "R", 60, 60, 36, 36, 270],
		[428, "PAD100_1", 600, -300, "B", "DIP", "I1", "", "R", 60, 60, 36, 36, 270],
		[429, "PAD101_2", 500, -400, "T", "DIP", "$1N3114", "", "C", 60, 60, 36, 36, 270],
		[430, "PAD101_2", 500, -400, "B", "DIP", "$1N3114", "", "C", 60, 60, 36, 36, 270],
		[431, "PAD102_1", 500, -300, "T", "DIP", "I0", "", "R", 60, 60, 36, 36, 270],
		[432, "PAD102_1", 500, -300, "B", "DIP", "I0", "", "R", 60, 60, 36, 36, 270],
		[433, "PAD103_2", 400, -400, "T", "DIP", "$1N3153", "", "C", 60, 60, 36, 36, 270],
		[434, "PAD103_2", 400, -400, "B", "DIP", "$1N3153", "", "C", 60, 60, 36, 36, 270],
		[435, "PAD104_1", 400, -300, "T", "DIP", "I0", "", "R", 60, 60, 36, 36, 270],
		[436, "PAD104_1", 400, -300, "B", "DIP", "I0", "", "R", 60, 60, 36, 36, 270],
		[437, "PAD105_2", 300, -400, "T", "DIP", "$1N3192", "", "C", 60, 60, 36, 36, 270],
		[438, "PAD105_2", 300, -400, "B", "DIP", "$1N3192", "", "C", 60, 60, 36, 36, 270],
		[439, "PAD106_1", 300, -300, "T", "DIP", "I0", "", "R", 60, 60, 36, 36, 270],
		[440, "PAD106_1", 300, -300, "B", "DIP", "I0", "", "R", 60, 60, 36, 36, 270],
		[441, "PAD107_2", 200, -400, "T", "DIP", "$1N3231", "", "C", 60, 60, 36, 36, 270],
		[442, "PAD107_2", 200, -400, "B", "DIP", "$1N3231", "", "C", 60, 60, 36, 36, 270],
		[443, "PAD108_1", 200, -300, "T", "DIP", "I0", "", "R", 60, 60, 36, 36, 270],
		[444, "PAD108_1", 200, -300, "B", "DIP", "I0", "", "R", 60, 60, 36, 36, 270],
		[445, "PAD109_2", 1400, -300, "T", "DIP", "$1N4020", "", "C", 60, 60, 36, 36, 270],
		[446, "PAD109_2", 1400, -300, "B", "DIP", "$1N4020", "", "C", 60, 60, 36, 36, 270],
		[447, "PAD110_1", 1400, -200, "T", "DIP", "I0", "", "R", 60, 60, 36, 36, 270],
		[448, "PAD110_1", 1400, -200, "B", "DIP", "I0", "", "R", 60, 60, 36, 36, 270],
		[449, "PAD111_1", 1425, -625, "T", "DIP", "GND", "GND", "C", 78.7402, 78.7402, 78.7402, 78.7402, 0],
		[450, "PAD111_1", 1425, -625, "B", "DIP", "GND", "GND", "C", 78.7402, 78.7402, 78.7402, 78.7402, 0],
		[451, "PAD112_1", 0, 125, "T", "DIP", "GND", "GND", "C", 78.7402, 78.7402, 78.7402, 78.7402, 0],
		[452, "PAD112_1", 0, 125, "B", "DIP", "GND", "GND", "C", 78.7402, 78.7402, 78.7402, 78.7402, 0],
		[453, "PAD113_1", 1425, 125, "T", "DIP", "GND", "GND", "C", 78.7402, 78.7402, 78.7402, 78.7402, 0],
		[454, "PAD113_1", 1425, 125, "B", "DIP", "GND", "GND", "C", 78.7402, 78.7402, 78.7402, 78.7402, 0],
		[455, "PAD114_1", 0, -625, "T", "DIP", "GND", "GND", "C", 78.7402, 78.7402, 78.7402, 78.7402, 0],
		[456, "PAD114_1", 0, -625, "B", "DIP", "GND", "GND", "C", 78.7402, 78.7402, 78.7402, 78.7402, 0]
	]
}
}