{
"lengthUnit": "mil",
"remark": [],
"components": {
	"fields": ["COMPONENT_NO", "COMPONENT_NAME", "LAYER", "X_COORDINATE", "Y_COORDINATE", "ANGLE"],
	"rows": [
		[1, "D1", "T", 350, 450, 180],
		[2, "D2", "T", 760, 450, 0],
		[3, "DEVKIT1", "T", 2480, 250, 90],
		[4, "EXP1", "T", 650, 160, 0],
		[5, "EXP2", "T", 1760, 160, 0],
		[6, "PU1", "T", 1730, 450, 0],
		[7, "PU2", "T", 1230, 450, 180],
		[8, "SCREW1", "T", 56.894, 444.267, 0],
		[9, "SCREW2", "T", 2165.3543, 444.252, 0],
		[10, "SWHEADER1", "T", 550, 620, 180],
		[11, "SWHEADER2", "T", 1780, 620, 180],
		[12, "PAD1", "T", 192.52, 450, 0],
		[13, "PAD1", "B", 192.52, 450, 0],
		[14, "PAD2", "T", 507.48, 450, 0],
		[15, "PAD2", "B", 507.48, 450, 0],
		[16, "PAD3", "T", 917.48, 450, 0],
		[17, "PAD3", "B", 917.48, 450, 0],
		[18, "PAD4", "T", 602.52, 450, 0],
		[19, "PAD4", "B", 602.52, 450, 0],
		[20, "PAD5", "T", 2530, 0, 0],
		[21, "PAD5", "B", 2530, 0, 0],
		[22, "PAD6", "T", 2430, 0, 0],
		[23, "PAD6", "B", 2430, 0, 0],
		[24, "PAD7", "T", 2530, 100, 0],
		[25, "PAD7", "B", 2530, 100, 0],
		[26, "PAD8", "T", 2430, 100, 0],
		[27, "PAD8", "B", 2430, 100, 0],
		[28, "PAD9", "T", 2530, 200, 0],
		[29, "PAD9", "B", 2530, 200, 0],
		[30, "PAD10", "T", 2430, 200, 0],
		[31, "PAD10", "B", 2430, 200, 0],
		[32, "PAD11", "T", 2530, 300, 0],
		[33, "PAD11", "B", 2530, 300, 0],
		[34, "PAD12", "T", 2430, 300, 0],
		[35, "PAD12", "B", 2430, 300, 0],
		[36, "PAD13", "T", 2530, 400, 0],
		[37, "PAD13", "B", 2530, 400, 0],
		[38, "PAD14", "T", 2430, 400, 0],
		[39, "PAD14", "B", 2430, 400, 0],
		[40, "PAD15", "T", 2530, 500, 0],
		[41, "PAD15", "B", 2530, 500, 0],
		[42, "PAD16", "T", 2430, 500, 0],
		[43, "PAD16", "B", 2430, 500, 0],
		[44, "PAD17", "T", 0, 2.52, 0],
		[45, "PAD17", "B", 0, 2.52, 0],
		[46, "PAD18", "T", 100, 2.52, 0],
		[47, "PAD18", "B", 100, 2.52, 0],
		[48, "PAD19", "T", 200, 2.52, 0],
		[49, "PAD19", "B", 200, 2.52, 0],
		[50, "PAD20", "T", 300, 2.52, 0],
		[51, "PAD20", "B", 300, 2.52, 0],
		[52, "PAD21", "T", 400, 2.52, 0],
		[53, "PAD21", "B", 400, 2.52, 0],
		[54, "PAD22", "T", 500, 2.52, 0],
		[55, "PAD22", "B", 500, 2.52, 0],
		[56, "PAD23", "T", 600, 2.52, 0],
		[57, "PAD23", "B", 600, 2.52, 0],
		[58, "PAD24", "T", 700, 2.52, 0],
		[59, "PAD24", "B", 700, 2.52, 0],
		[60, "PAD25", "T", 800, 2.52, 0],
		[61, "PAD25", "B", 800, 2.52, 0],
		[62, "PAD26", "T", 900, 2.52, 0],
		[63, "PAD26", "B", 900, 2.52, 0],
		[64, "PAD27", "T", 1100, 2.52, 0],
		[65, "PAD27", "B", 1100, 2.52, 0],
		[66, "PAD28", "T", 1200, 2.52, 0],
		[67, "PAD28", "B", 1200, 2.52, 0],
		[68, "PAD29", "T", 0, 317.48, 0],
		[69, "PAD29", "B", 0, 317.48, 0],
		[70, "PAD30", "T", 100, 317.48, 0],
		[71, "PAD30", "B", 100, 317.48, 0],
		[72, "PAD31", "T", 200, 317.48, 0],
		[73, "PAD31", "B", 200, 317.48, 0],
		[74, "PAD32", "T", 300, 317.48, 0],
		[75, "PAD32", "B", 300, 317.48, 0],
		[76, "PAD33", "T", 400, 317.48, 0],
		[77, "PAD33", "B", 400, 317.48, 0],
		[78, "PAD34", "T", 500, 317.48, 0],
		[79, "PAD34", "B", 500, 317.48, 0],
		[80, "PAD35", "T", 600, 317.48, 0],
		[81, "PAD35", "B", 600, 317.48, 0],
		[82, "PAD36", "T", 700, 317.48, 0],
		[83, "PAD36", "B", 700, 317.48, 0],
		[84, "PAD37", "T", 800, 317.48, 0],
		[85, "PAD37", "B", 800, 317.48, 0],
		[86, "PAD38", "T", 1000, 317.48, 0],
		[87, "PAD38", "B", 1000, 317.48, 0],
		[88, "PAD39", "T", 1100, 317.48, 0],
		[89, "PAD39", "B", 1100, 317.48, 0],
		[90, "PAD40", "T", 1200, 317.48, 0],
		[91, "PAD40", "B", 1200, 317.48, 0],
		[92, "PAD41", "T", 1300, 317.48, 0],
		[93, "PAD41", "B", 1300, 317.48, 0],
		[94, "PAD42", "T", 1410, 10, 0],
		[95, "PAD42", "B", 1410, 10, 0],
		[96, "PAD43", "T", 1510, 10, 0],
		[97, "PAD43", "B", 1510, 10, 0],
		[98, "PAD44", "T", 1610, 10, 0],
		[99, "PAD44", "B", 1610, 10, 0],
		[100, "PAD45", "T", 1710, 10, 0],
		[101, "PAD45", "B", 1710, 10, 0],
		[102, "PAD46", "T", 1810, 10, 0],
		[103, "PAD46", "B", 1810, 10, 0],
		[104, "PAD47", "T", 1910, 10, 0],
		[105, "PAD47", "B", 1910, 10, 0],
		[106, "PAD48", "T", 2010, 10, 0],
		[107, "PAD48", "B", 2010, 10, 0],
		[108, "PAD49", "T", 2110, 10, 0],
		[109, "PAD49", "B", 2110, 10, 0],
		[110, "PAD50", "T", 1410, 310, 0],
		[111, "PAD50", "B", 1410, 310, 0],
		[112, "PAD51", "T", 1510, 310, 0],
		[113, "PAD51", "B", 1510, 310, 0],
		[114, "PAD52", "T", 1610, 310, 0],
		[115, "PAD52", "B", 1610, 310, 0],
		[116, "PAD53", "T", 1710, 310, 0],
		[117, "PAD53", "B", 1710, 310, 0],
		[118, "PAD54", "T", 1810, 310, 0],
		[119, "PAD54", "B", 1810, 310, 0],
		[120, "PAD55", "T", 1910, 310, 0],
		[121, "PAD55", "B", 1910, 310, 0],
		[122, "PAD56", "T", 2010, 310, 0],
		[123, "PAD56", "B", 2010, 310, 0],
		[124, "PAD57", "T", 2110, 310, 0],
		[125, "PAD57", "B", 2110, 310, 0],
		[126, "PAD58", "T", 1527.24, 450, 0],
		[127, "PAD58", "B", 1527.24, 450, 0],
		[128, "PAD59", "T", 1932.76, 450, 0],
		[129, "PAD59", "B", 1932.76, 450, 0],
		[130, "PAD60", "T", 1432.76, 450, 0],
		[131, "PAD60", "B", 1432.76, 450, 0],
		[132, "PAD61", "T", 1027.24, 450, 0],
		[133, "PAD61", "B", 1027.24, 450, 0],
		[134, "PAD62", "T", 100, 670, 0],
		[135, "PAD62", "B", 100, 670, 0],
		[136, "PAD63", "T", 100, 570, 0],
		[137, "PAD63", "B", 100, 570, 0],
		[138, "PAD64", "T", 1100, 670, 0],
		[139, "PAD64", "B", 1100, 670, 0],
		[140, "PAD65", "T", 1100, 570, 0],
		[141, "PAD65", "B", 1100, 570, 0],
		[142, "PAD66", "T", 1000, 670, 0],
		[143, "PAD66", "B", 1000, 670, 0],
		[144, "PAD67", "T", 1000, 570, 0],
		[145, "PAD67", "B", 1000, 570, 0],
		[146, "PAD68", "T", 900, 670, 0],
		[147, "PAD68", "B", 900, 670, 0],
		[148, "PAD69", "T", 900, 570, 0],
		[149, "PAD69", "B", 900, 570, 0],
		[150, "PAD70", "T", 800, 670, 0],
		[151, "PAD70", "B", 800, 670, 0],
		[152, "PAD71", "T", 800, 570, 0],
		[153, "PAD71", "B", 800, 570, 0],
		[154, "PAD72", "T", 700, 670, 0],
		[155, "PAD72", "B", 700, 670, 0],
		[156, "PAD73", "T", 700, 570, 0],
		[157, "PAD73", "B", 700, 570, 0],
		[158, "PAD74", "T", 600, 670, 0],
		[159, "PAD74", "B", 600, 670, 0],
		[160, "PAD75", "T", 600, 570, 0],
		[161, "PAD75", "B", 600, 570, 0],
		[162, "PAD76", "T", 500, 670, 0],
		[163, "PAD76", "B", 500, 670, 0],
		[164, "PAD77", "T", 500, 570, 0],
		[165, "PAD77", "B", 500, 570, 0],
		[166, "PAD78", "T", 400, 670, 0],
		[167, "PAD78", "B", 400, 670, 0],
		[168, "PAD79", "T", 400, 570, 0],
		[169, "PAD79", "B", 400, 570, 0],
		[170, "PAD80", "T", 300, 670, 0],
		[171, "PAD80", "B", 300, 670, 0],
		[172, "PAD81", "T", 300, 570, 0],
		[173, "PAD81", "B", 300, 570, 0],
		[174, "PAD82", "T", 200, 670, 0],
		[175, "PAD82", "B", 200, 670, 0],
		[176, "PAD83", "T", 200, 570, 0],
		[177, "PAD83", "B", 200, 570, 0],
		[178, "PAD84", "T", 0, 570, 0],
		[179, "PAD84", "B", 0, 570, 0],
		[180, "PAD85", "T", 0, 670, 0],
		[181, "PAD85", "B", 0, 670, 0],
		[182, "PAD86", "T", 1330, 670, 0],
		[183, "PAD86", "B", 1330, 670, 0],
		[184, "PAD87", "T", 1330, 570, 0],
		[185, "PAD87", "B", 1330, 570, 0],
		[186, "PAD88", "T", 2330, 670, 0],
		[187, "PAD88", "B", 2330, 670, 0],
		[188, "PAD89", "T", 2330, 570, 0],
		[189, "PAD89", "B", 2330, 570, 0],
		[190, "PAD90", "T", 2230, 670, 0],
		[191, "PAD90", "B", 2230, 670, 0],
		[192, "PAD91", "T", 2230, 570, 0],
		[193, "PAD91", "B", 2230, 570, 0],
		[194, "PAD92", "T", 2130, 670, 0],
		[195, "PAD92", "B", 2130, 670, 0],
		[196, "PAD93", "T", 2130, 570, 0],
		[197, "PAD93", "B", 2130, 570, 0],
		[198, "PAD94", "T", 2030, 670, 0],
		[199, "PAD94", "B", 2030, 670, 0],
		[200, "PAD95", "T", 2030, 570, 0],
		[201, "PAD95", "B", 2030, 570, 0],
		[202, "PAD96", "T", 1930, 670, 0],
		[203, "PAD96", "B", 1930, 670, 0],
		[204, "PAD97", "T", 1930, 570, 0],
		[205, "PAD97", "B", 1930, 570, 0],
		[206, "PAD98", "T", 1830, 670, 0],
		[207, "PAD98", "B", 1830, 670, 0],
		[208, "PAD99", "T", 1830, 570, 0],
		[209, "PAD99", "B", 1830, 570, 0],
		[210, "PAD100", "T", 1730, 670, 0],
		[211, "PAD100", "B", 1730, 670, 0],
		[212, "PAD101", "T", 1730, 570, 0],
		[213, "PAD101", "B", 1730, 570, 0],
		[214, "PAD102", "T", 1630, 670, 0],
		[215, "PAD102", "B", 1630, 670, 0],
		[216, "PAD103", "T", 1630, 570, 0],
		[217, "PAD103", "B", 1630, 570, 0],
		[218, "PAD104", "T", 1530, 670, 0],
		[219, "PAD104", "B", 1530, 670, 0],
		[220, "PAD105", "T", 1530, 570, 0],
		[221, "PAD105", "B", 1530, 570, 0],
		[222, "PAD106", "T", 1430, 670, 0],
		[223, "PAD106", "B", 1430, 670, 0],
		[224, "PAD107", "T", 1430, 570, 0],
		[225, "PAD107", "B", 1430, 570, 0],
		[226, "PAD108", "T", 1230, 570, 0],
		[227, "PAD108", "B", 1230, 570, 0],
		[228, "PAD109", "T", 1230, 670, 0],
		[229, "PAD109", "B", 1230, 670, 0]
	]
},
"pins": {
	"fields": ["PIN_NO", "PIN_NAME", "PIN_X", "PIN_Y", "LAYER", "PIN_TYPE", "NET_NAME", "NET_TYPE", "PAD_SHAPE", "PAD_SIZEX", "PAD_SIZEY", "HOLE_SIZE", "HOLE_LEN", "PAD_ANGLE"],
	"rows": [
		[1, "D1_1", 507.48, 450, "T", "DIP", "WAKEUP", "", "C", 55.118, 55.118, 31.496, 31.496, 180],
		[2, "D1_1", 507.48, 450, "B", "DIP", "WAKEUP", "", "C", 55.118, 55.118, 31.496, 31.496, 180],
		[3, "D1_2", 192.52, 450, "T", "DIP", "$1N8", "", "C", 55.118, 55.118, 31.496, 31.496, 180],
		[4, "D1_2", 192.52, 450, "B", "DIP", "$1N8", "", "C", 55.118, 55.118, 31.496, 31.496, 180],
		[5, "D2_1", 602.52, 450, "T", "DIP", "WAKEUP", "", "C", 55.118, 55.118, 31.496, 31.496, 0],
		[6, "D2_1", 602.52, 450, "B", "DIP", "WAKEUP", "", "C", 55.118, 55.118, 31.496, 31.496, 0],
		[7, "D2_2", 917.48, 450, "T", "DIP", "$1N19", "", "C", 55.118, 55.118, 31.496, 31.496, 0],
		[8, "D2_2", 917.48, 450, "B", "DIP", "$1N19", "", "C", 55.118, 55.118, 31.496, 31.496, 0],
		[9, "DEVKIT1_1", 2530, 0, "T", "DIP", "GND", "GND", "R", 66.929, 66.929, 43.308, 43.308, 90],
		[10, "DEVKIT1_1", 2530, 0, "B", "DIP", "GND", "GND", "R", 66.929, 66.929, 43.308, 43.308, 90],
		[11, "DEVKIT1_2", 2430, 0, "T", "DIP", "VCC", "", "C", 66.929, 66.929, 43.308, 43.308, 90],
		[12, "DEVKIT1_2", 2430, 0, "B", "DIP", "VCC", "", "C", 66.929, 66.929, 43.308, 43.308, 90],
		[13, "DEVKIT1_3", 2530, 100, "T", "DIP", "GND", "GND", "C", 66.929, 66.929, 43.308, 43.308, 90],
		[14, "DEVKIT1_3", 2530, 100, "B", "DIP", "GND", "GND", "C", 66.929, 66.929, 43.308, 43.308, 90],
		[15, "DEVKIT1_4", 2430, 100, "T", "DIP", "VCC", "", "C", 66.929, 66.929, 43.308, 43.308, 90],
		[16, "DEVKIT1_4", 2430, 100, "B", "DIP", "VCC", "", "C", 66.929, 66.929, 43.308, 43.308, 90],
		[17, "DEVKIT1_5", 2530, 200, "T", "DIP", "GND", "GND", "C", 66.929, 66.929, 43.308, 43.308, 90],
		[18, "DEVKIT1_5", 2530, 200, "B", "DIP", "GND", "GND", "C", 66.929, 66.929, 43.308, 43.308, 90],
		[19, "DEVKIT1_6", 2430, 200, "T", "DIP", "VCC", "", "C", 66.929, 66.929, 43.308, 43.308, 90],
		[20, "DEVKIT1_6", 2430, 200, "B", "DIP", "VCC", "", "C", 66.929, 66.929, 43.308, 43.308, 90],
		[21, "DEVKIT1_7", 2530, 300, "T", "DIP", "WAKEUP", "", "C", 66.929, 66.929, 43.308, 43.308, 90],
		[22, "DEVKIT1_7", 2530, 300, "B", "DIP", "WAKEUP", "", "C", 66.929, 66.929, 43.308, 43.308, 90],
		[23, "DEVKIT1_8", 2430, 300, "T", "DIP", "WAKEUP", "", "C", 66.929, 66.929, 43.308, 43.308, 90],
		[24, "DEVKIT1_8", 2430, 300, "B", "DIP", "WAKEUP", "", "C", 66.929, 66.929, 43.308, 43.308, 90],
		[25, "DEVKIT1_9", 2530, 400, "T", "DIP", "SDA", "", "C", 66.929, 66.929, 43.308, 43.308, 90],
		[26, "DEVKIT1_9", 2530, 400, "B", "DIP", "SDA", "", "C", 66.929, 66.929, 43.308, 43.308, 90],
		[27, "DEVKIT1_10", 2430, 400, "T", "DIP", "SDA", "", "C", 66.929, 66.929, 43.308, 43.308, 90],
		[28, "DEVKIT1_10", 2430, 400, "B", "DIP", "SDA", "", "C", 66.929, 66.929, 43.308, 43.308, 90],
		[29, "DEVKIT1_11", 2530, 500, "T", "DIP", "SCL", "", "C", 66.929, 66.929, 43.308, 43.308, 90],
		[30, "DEVKIT1_11", 2530, 500, "B", "DIP", "SCL", "", "C", 66.929, 66.929, 43.308, 43.308, 90],
		[31, "DEVKIT1_12", 2430, 500, "T", "DIP", "SCL", "", "C", 66.929, 66.929, 43.308, 43.308, 90],
		[32, "DEVKIT1_12", 2430, 500, "B", "DIP", "SCL", "", "C", 66.929, 66.929, 43.308, 43.308, 90],
		[33, "EXP1_1", 0, 2.52, "T", "DIP", "GPB0", "", "R", 59.055, 59.055, 35.434, 35.434, 0],
		[34, "EXP1_1", 0, 2.52, "B", "DIP", "GPB0", "", "R", 59.055, 59.055, 35.434, 35.434, 0],
		[35, "EXP1_2", 100, 2.52, "T", "DIP", "GPB1", "", "C", 59.055, 59.055, 35.434, 35.434, 0],
		[36, "EXP1_2", 100, 2.52, "B", "DIP", "GPB1", "", "C", 59.055, 59.055, 35.434, 35.434, 0],
		[37, "EXP1_3", 200, 2.52, "T", "DIP", "GPB2", "", "C", 59.055, 59.055, 35.434, 35.434, 0],
		[38, "EXP1_3", 200, 2.52, "B", "DIP", "GPB2", "", "C", 59.055, 59.055, 35.434, 35.434, 0],
		[39, "EXP1_4", 300, 2.52, "T", "DIP", "GPB3", "", "C", 59.055, 59.055, 35.434, 35.434, 0],
		[40, "EXP1_4", 300, 2.52, "B", "DIP", "GPB3", "", "C", 59.055, 59.055, 35.434, 35.434, 0],
		[41, "EXP1_5", 400, 2.52, "T", "DIP", "GPB4", "", "C", 59.055, 59.055, 35.434, 35.434, 0],
		[42, "EXP1_5", 400, 2.52, "B", "DIP", "GPB4", "", "C", 59.055, 59.055, 35.434, 35.434, 0],
		[43, "EXP1_6", 500, 2.52, "T", "DIP", "GPB5", "", "C", 59.055, 59.055, 35.434, 35.434, 0],
		[44, "EXP1_6", 500, 2.52, "B", "DIP", "GPB5", "", "C", 59.055, 59.055, 35.434, 35.434, 0],
		[45, "EXP1_7", 600, 2.52, "T", "DIP", "GPB6", "", "C", 59.055, 59.055, 35.434, 35.434, 0],
		[46, "EXP1_7", 600, 2.52, "B", "DIP", "GPB6", "", "C", 59.055, 59.055, 35.434, 35.434, 0],
		[47, "EXP1_8", 700, 2.52, "T", "DIP", "GPB7", "", "C", 59.055, 59.055, 35.434, 35.434, 0],
		[48, "EXP1_8", 700, 2.52, "B", "DIP", "GPB7", "", "C", 59.055, 59.055, 35.434, 35.434, 0],
		[49, "EXP1_9", 800, 2.52, "T", "DIP", "VCC", "", "C", 59.055, 59.055, 35.434, 35.434, 0],
		[50, "EXP1_9", 800, 2.52, "B", "DIP", "VCC", "", "C", 59.055, 59.055, 35.434, 35.434, 0],
		[51, "EXP1_10", 900, 2.52, "T", "DIP", "GND", "GND", "C", 59.055, 59.055, 35.434, 35.434, 0],
		[52, "EXP1_10", 900, 2.52, "B", "DIP", "GND", "GND", "C", 59.055, 59.055, 35.434, 35.434, 0],
		[53, "EXP1_11", 1000, 2.52, "T", "DIP", "NET_1", "", "C", 59.055, 59.055, 35.434, 35.434, 0],
		[54, "EXP1_11", 1000, 2.52, "B", "DIP", "NET_1", "", "C", 59.055, 59.055, 35.434, 35.434, 0],
		[55, "EXP1_12", 1100, 2.52, "T", "DIP", "SCL", "", "C", 59.055, 59.055, 35.434, 35.434, 0],
		[56, "EXP1_12", 1100, 2.52, "B", "DIP", "SCL", "", "C", 59.055, 59.055, 35.434, 35.434, 0],
		[57, "EXP1_13", 1200, 2.52, "T", "DIP", "SDA", "", "C", 59.055, 59.055, 35.434, 35.434, 0],
		[58, "EXP1_13", 1200, 2.52, "B", "DIP", "SDA", "", "C", 59.055, 59.055, 35.434, 35.434, 0],
		[59, "EXP1_14", 1300, 2.52, "T", "DIP", "NET_2", "", "C", 59.055, 59.055, 35.434, 35.434, 0],
		[60, "EXP1_14", 1300, 2.52, "B", "DIP", "NET_2", "", "C", 59.055, 59.055, 35.434, 35.434, 0],
		[61, "EXP1_15", 1300, 317.48, "T", "DIP", "VCC", "", "C", 59.055, 59.055, 35.434, 35.434, 0],
		[62, "EXP1_15", 1300, 317.48, "B", "DIP", "VCC", "", "C", 59.055, 59.055, 35.434, 35.434, 0],
		[63, "EXP1_16", 1200, 317.48, "T", "DIP", "VCC", "", "C", 59.055, 59.055, 35.434, 35.434, 0],
		[64, "EXP1_16", 1200, 317.48, "B", "DIP", "VCC", "", "C", 59.055, 59.055, 35.434, 35.434, 0],
		[65, "EXP1_17", 1100, 317.48, "T", "DIP", "VCC", "", "C", 59.055, 59.055, 35.434, 35.434, 0],
		[66, "EXP1_17", 1100, 317.48, "B", "DIP", "VCC", "", "C", 59.055, 59.055, 35.434, 35.434, 0],
		[67, "EXP1_18", 1000, 317.48, "T", "DIP", "VCC", "", "C", 59.055, 59.055, 35.434, 35.434, 0],
		[68, "EXP1_18", 1000, 317.48, "B", "DIP", "VCC", "", "C", 59.055, 59.055, 35.434, 35.434, 0],
		[69, "EXP1_19", 900, 317.48, "T", "DIP", "NET_3", "", "C", 59.055, 59.055, 35.434, 35.434, 0],
		[70, "EXP1_19", 900, 317.48, "B", "DIP", "NET_3", "", "C", 59.055, 59.055, 35.434, 35.434, 0],
		[71, "EXP1_20", 800, 317.48, "T", "DIP", "$1N8", "", "C", 59.055, 59.055, 35.434, 35.434, 0],
		[72, "EXP1_20", 800, 317.48, "B", "DIP", "$1N8", "", "C", 59.055, 59.055, 35.434, 35.434, 0],
		[73, "EXP1_21", 700, 317.48, "T", "DIP", "GPA0", "", "C", 59.055, 59.055, 35.434, 35.434, 0],
		[74, "EXP1_21", 700, 317.48, "B", "DIP", "GPA0", "", "C", 59.055, 59.055, 35.434, 35.434, 0],
		[75, "EXP1_22", 600, 317.48, "T", "DIP", "GPA1", "", "C", 59.055, 59.055, 35.434, 35.434, 0],
		[76, "EXP1_22", 600, 317.48, "B", "DIP", "GPA1", "", "C", 59.055, 59.055, 35.434, 35.434, 0],
		[77, "EXP1_23", 500, 317.48, "T", "DIP", "GPA2", "", "C", 59.055, 59.055, 35.434, 35.434, 0],
		[78, "EXP1_23", 500, 317.48, "B", "DIP", "GPA2", "", "C", 59.055, 59.055, 35.434, 35.434, 0],
		[79, "EXP1_24", 400, 317.48, "T", "DIP", "GPA3", "", "C", 59.055, 59.055, 35.434, 35.434, 0],
		[80, "EXP1_24", 400, 317.48, "B", "DIP", "GPA3", "", "C", 59.055, 59.055, 35.434, 35.434, 0],
		[81, "EXP1_25", 300, 317.48, "T", "DIP", "GPA4", "", "C", 59.055, 59.055, 35.434, 35.434, 0],
		[82, "EXP1_25", 300, 317.48, "B", "DIP", "GPA4", "", "C", 59.055, 59.055, 35.434, 35.434, 0],
		[83, "EXP1_26", 200, 317.48, "T", "DIP", "GPA5", "", "C", 59.055, 59.055, 35.434, 35.434, 0],
		[84, "EXP1_26", 200, 317.48, "B", "DIP", "GPA5", "", "C", 59.055, 59.055, 35.434, 35.434, 0],
		[85, "EXP1_27", 100, 317.48, "T", "DIP", "GPA6", "", "C", 59.055, 59.055, 35.434, 35.434, 0],
		[86, "EXP1_27", 100, 317.48, "B", "DIP", "GPA6", "", "C", 59.055, 59.055, 35.434, 35.434, 0],
		[87, "EXP1_28", 0, 317.48, "T", "DIP", "GPA7", "", "C", 59.055, 59.055, 35.434, 35.434, 0],
		[88, "EXP1_28", 0, 317.48, "B", "DIP", "GPA7", "", "C", 59.055, 59.055, 35.434, 35.434, 0],
		[89, "EXP2_1", 1410, 10, "T", "DIP", "GND", "GND", "O", 57.48, 71.85, 31.496, 31.496, 0],
		[90, "EXP2_1", 1410, 10, "B", "DIP", "GND", "GND", "O", 57.48, 71.85, 31.496, 31.496, 0],
		[91, "EXP2_2", 1510, 10, "T", "DIP", "GND", "GND", "O", 57.48, 71.85, 31.496, 31.496, 0],
		[92, "EXP2_2", 1510, 10, "B", "DIP", "GND", "GND", "O", 57.48, 71.85, 31.496, 31.496, 0],
		[93, "EXP2_3", 1610, 10, "T", "DIP", "GND", "GND", "O", 57.48, 71.85, 31.496, 31.496, 0],
		[94, "EXP2_3", 1610, 10, "B", "DIP", "GND", "GND", "O", 57.48, 71.85, 31.496, 31.496, 0],
		[95, "EXP2_4", 1710, 10, "T", "DIP", "P0", "", "O", 57.48, 71.85, 31.496, 31.496, 0],
		[96, "EXP2_4", 1710, 10, "B", "DIP", "P0", "", "O", 57.48, 71.85, 31.496, 31.496, 0],
		[97, "EXP2_5", 1810, 10, "T", "DIP", "P1", "", "O", 57.48, 71.85, 31.496, 31.496, 0],
		[98, "EXP2_5", 1810, 10, "B", "DIP", "P1", "", "O", 57.48, 71.85, 31.496, 31.496, 0],
		[99, "EXP2_6", 1910, 10, "T", "DIP", "P2", "", "O", 57.48, 71.85, 31.496, 31.496, 0],
		[100, "EXP2_6", 1910, 10, "B", "DIP", "P2", "", "O", 57.48, 71.85, 31.496, 31.496, 0],
		[101, "EXP2_7", 2010, 10, "T", "DIP", "P3", "", "O", 57.48, 71.85, 31.496, 31.496, 0],
		[102, "EXP2_7", 2010, 10, "B", "DIP", "P3", "", "O", 57.48, 71.85, 31.496, 31.496, 0],
		[103, "EXP2_8", 2110, 10, "T", "DIP", "GND", "GND", "O", 57.48, 71.85, 31.496, 31.496, 0],
		[104, "EXP2_8", 2110, 10, "B", "DIP", "GND", "GND", "O", 57.48, 71.85, 31.496, 31.496, 0],
		[105, "EXP2_9", 2110, 310, "T", "DIP", "P4", "", "O", 57.48, 71.85, 31.496, 31.496, 0],
		[106, "EXP2_9", 2110, 310, "B", "DIP", "P4", "", "O", 57.48, 71.85, 31.496, 31.496, 0],
		[107, "EXP2_10", 2010, 310, "T", "DIP", "P5", "", "O", 57.48, 71.85, 31.496, 31.496, 0],
		[108, "EXP2_10", 2010, 310, "B", "DIP", "P5", "", "O", 57.48, 71.85, 31.496, 31.496, 0],
		[109, "EXP2_11", 1910, 310, "T", "DIP", "P6", "", "O", 57.48, 71.85, 31.496, 31.496, 0],
		[110, "EXP2_11", 1910, 310, "B", "DIP", "P6", "", "O", 57.48, 71.85, 31.496, 31.496, 0],
		[111, "EXP2_12", 1810, 310, "T", "DIP", "P7", "", "O", 57.48, 71.85, 31.496, 31.496, 0],
		[112, "EXP2_12", 1810, 310, "B", "DIP", "P7", "", "O", 57.48, 71.85, 31.496, 31.496, 0],
		[113, "EXP2_13", 1710, 310, "T", "DIP", "$1N19", "", "O", 57.48, 71.85, 31.496, 31.496, 0],
		[114, "EXP2_13", 1710, 310, "B", "DIP", "$1N19", "", "O", 57.48, 71.85, 31.496, 31.496, 0],
		[115, "EXP2_14", 1610, 310, "T", "DIP", "SCL", "", "O", 57.48, 71.85, 31.496, 31.496, 0],
		[116, "EXP2_14", 1610, 310, "B", "DIP", "SCL", "", "O", 57.48, 71.85, 31.496, 31.496, 0],
		[117, "EXP2_15", 1510, 310, "T", "DIP", "SDA", "", "O", 57.48, 71.85, 31.496, 31.496, 0],
		[118, "EXP2_15", 1510, 310, "B", "DIP", "SDA", "", "O", 57.48, 71.85, 31.496, 31.496, 0],
		[119, "EXP2_16", 1410, 310, "T", "DIP", "VCC", "", "O", 57.48, 71.85, 31.496, 31.496, 0],
		[120, "EXP2_16", 1410, 310, "B", "DIP", "VCC", "", "O", 57.48, 71.85, 31.496, 31.496, 0],
		[121, "PU1_1", 1527.24, 450, "T", "DIP", "VCC", "", "C", 60, 60, 39.37, 39.37, 0],
		[122, "PU1_1", 1527.24, 450, "B", "DIP", "VCC", "", "C", 60, 60, 39.37, 39.37, 0],
		[123, "PU1_2", 1932.76, 450, "T", "DIP", "SCL", "", "C", 60, 60, 39.37, 39.37, 0],
		[124, "PU1_2", 1932.76, 450, "B", "DIP", "SCL", "", "C", 60, 60, 39.37, 39.37, 0],
		[125, "PU2_1", 1432.76, 450, "T", "DIP", "VCC", "", "C", 60, 60, 39.37, 39.37, 180],
		[126, "PU2_1", 1432.76, 450, "B", "DIP", "VCC", "", "C", 60, 60, 39.37, 39.37, 180],
		[127, "PU2_2", 1027.24, 450, "T", "DIP", "SDA", "", "C", 60, 60, 39.37, 39.37, 180],
		[128, "PU2_2", 1027.24, 450, "B", "DIP", "SDA", "", "C", 60, 60, 39.37, 39.37, 180],
		[129, "SCREW1_1", 56.894, 444.267, "T", "DIP", "NET_4", "", "C", 78.7402, 78.7402, 94.4882, 94.4882, 0],
		[130, "SCREW1_1", 56.894, 444.267, "B", "DIP", "NET_4", "", "C", 78.7402, 78.7402, 94.4882, 94.4882, 0],
		[131, "SCREW2_1", 2165.3543, 444.252, "T", "DIP", "NET_5", "", "C", 78.7402, 78.7402, 94.4882, 94.4882, 0],
		[132, "SCREW2_1", 2165.3543, 444.252, "B", "DIP", "NET_5", "", "C", 78.7402, 78.7402, 94.4882, 94.4882, 0],
		[133, "SWHEADER1_1", 1100, 670, "T", "DIP", "GND", "GND", "R", 66.929, 66.929, 43.308, 43.308, 180],
		[134, "SWHEADER1_1", 1100, 670, "B", "DIP", "GND", "GND", "R", 66.929, 66.929, 43.308, 43.308, 180],
		[135, "SWHEADER1_2", 1100, 570, "T", "DIP", "GPB4", "", "C", 66.929, 66.929, 43.308, 43.308, 180],
		[136, "SWHEADER1_2", 1100, 570, "B", "DIP", "GPB4", "", "C", 66.929, 66.929, 43.308, 43.308, 180],
		[137, "SWHEADER1_3", 1000, 670, "T", "DIP", "GND", "GND", "C", 66.929, 66.929, 43.308, 43.308, 180],
		[138, "SWHEADER1_3", 1000, 670, "B", "DIP", "GND", "GND", "C", 66.929, 66.929, 43.308, 43.308, 180],
		[139, "SWHEADER1_4", 1000, 570, "T", "DIP", "GPB5", "", "C", 66.929, 66.929, 43.308, 43.308, 180],
		[140, "SWHEADER1_4", 1000, 570, "B", "DIP", "GPB5", "", "C", 66.929, 66.929, 43.308, 43.308, 180],
		[141, "SWHEADER1_5", 900, 670, "T", "DIP", "GND", "GND", "C", 66.929, 66.929, 43.308, 43.308, 180],
		[142, "SWHEADER1_5", 900, 670, "B", "DIP", "GND", "GND", "C", 66.929, 66.929, 43.308, 43.308, 180],
		[143, "SWHEADER1_6", 900, 570, "T", "DIP", "GPB6", "", "C", 66.929, 66.929, 43.308, 43.308, 180],
		[144, "SWHEADER1_6", 900, 570, "B", "DIP", "GPB6", "", "C", 66.929, 66.929, 43.308, 43.308, 180],
		[145, "SWHEADER1_7", 800, 670, "T", "DIP", "GND", "GND", "C", 66.929, 66.929, 43.308, 43.308, 180],
		[146, "SWHEADER1_7", 800, 670, "B", "DIP", "GND", "GND", "C", 66.929, 66.929, 43.308, 43.308, 180],
		[147, "SWHEADER1_8", 800, 570, "T", "DIP", "GPB7", "", "C", 66.929, 66.929, 43.308, 43.308, 180],
		[148, "SWHEADER1_8", 800, 570, "B", "DIP", "GPB7", "", "C", 66.929, 66.929, 43.308, 43.308, 180],
		[149, "SWHEADER1_9", 700, 670, "T", "DIP", "GND", "GND", "C", 66.929, 66.929, 43.308, 43.308, 180],
		[150, "SWHEADER1_9", 700, 670, "B", "DIP", "GND", "GND", "C", 66.929, 66.929, 43.308, 43.308, 180],
		[151, "SWHEADER1_10", 700, 570, "T", "DIP", "GPA0", "", "C", 66.929, 66.929, 43.308, 43.308, 180],
		[152, "SWHEADER1_10", 700, 570, "B", "DIP", "GPA0", "", "C", 66.929, 66.929, 43.308, 43.308, 180],
		[153, "SWHEADER1_11", 600, 670, "T", "DIP", "GND", "GND", "C", 66.929, 66.929, 43.308, 43.308, 180],
		[154, "SWHEADER1_11", 600, 670, "B", "DIP", "GND", "GND", "C", 66.929, 66.929, 43.308, 43.308, 180],
		[155, "SWHEADER1_12", 600, 570, "T", "DIP", "GPA1", "", "C", 66.929, 66.929, 43.308, 43.308, 180],
		[156, "SWHEADER1_12", 600, 570, "B", "DIP", "GPA1", "", "C", 66.929, 66.929, 43.308, 43.308, 180],
		[157, "SWHEADER1_13", 500, 670, "T", "DIP", "GND", "GND", "C", 66.929, 66.929, 43.308, 43.308, 180],
		[158, "SWHEADER1_13", 500, 670, "B", "DIP", "GND", "GND", "C", 66.929, 66.929, 43.308, 43.308, 180],
		[159, "SWHEADER1_14", 500, 570, "T", "DIP", "GPA2", "", "C", 66.929, 66.929, 43.308, 43.308, 180],
		[160, "SWHEADER1_14", 500, 570, "B", "DIP", "GPA2", "", "C", 66.929, 66.929, 43.308, 43.308, 180],
		[161, "SWHEADER1_15", 400, 670, "T", "DIP", "GND", "GND", "C", 66.929, 66.929, 43.308, 43.308, 180],
		[162, "SWHEADER1_15", 400, 670, "B", "DIP", "GND", "GND", "C", 66.929, 66.929, 43.308, 43.308, 180],
		[163, "SWHEADER1_16", 400, 570, "T", "DIP", "GPA3", "", "C", 66.929, 66.929, 43.308, 43.308, 180],
		[164, "SWHEADER1_16", 400, 570, "B", "DIP", "GPA3", "", "C", 66.929, 66.929, 43.308, 43.308, 180],
		[165, "SWHEADER1_17", 300, 670, "T", "DIP", "GND", "GND", "C", 66.929, 66.929, 43.308, 43.308, 180],
		[166, "SWHEADER1_17", 300, 670, "B", "DIP", "GND", "GND", "C", 66.929, 66.929, 43.308, 43.308, 180],
		[167, "SWHEADER1_18", 300, 570, "T", "DIP", "GPA4", "", "C", 66.929, 66.929, 43.308, 43.308, 180],
		[168, "SWHEADER1_18", 300, 570, "B", "DIP", "GPA4", "", "C", 66.929, 66.929, 43.308, 43.308, 180],
		[169, "SWHEADER1_19", 200, 670, "T", "DIP", "GND", "GND", "C", 66.929, 66.929, 43.308, 43.308, 180],
		[170, "SWHEADER1_19", 200, 670, "B", "DIP", "GND", "GND", "C", 66.929, 66.929, 43.308, 43.308, 180],
		[171, "SWHEADER1_20", 200, 570, "T", "DIP", "GPA5", "", "C", 66.929, 66.929, 43.308, 43.308, 180],
		[172, "SWHEADER1_20", 200, 570, "B", "DIP", "GPA5", "", "C", 66.929, 66.929, 43.308, 43.308, 180],
		[173, "SWHEADER1_21", 100, 670, "T", "DIP", "GND", "GND", "C", 66.929, 66.929, 43.308, 43.308, 180],
		[174, "SWHEADER1_21", 100, 670, "B", "DIP", "GND", "GND", "C", 66.929, 66.929, 43.308, 43.308, 180],
		[175, "SWHEADER1_22", 100, 570, "T", "DIP", "GPA6", "", "C", 66.929, 66.929, 43.308, 43.308, 180],
		[176, "SWHEADER1_22", 100, 570, "B", "DIP", "GPA6", "", "C", 66.929, 66.929, 43.308, 43.308, 180],
		[177, "SWHEADER1_23", 0, 670, "T", "DIP", "GND", "GND", "C", 66.929, 66.929, 43.308, 43.308, 180],
		[178, "SWHEADER1_23", 0, 670, "B", "DIP", "GND", "GND", "C", 66.929, 66.929, 43.308, 43.308, 180],
		[179, "SWHEADER1_24", 0, 570, "T", "DIP", "GPA7", "", "C", 66.929, 66.929, 43.308, 43.308, 180],
		[180, "SWHEADER1_24", 0, 570, "B", "DIP", "GPA7", "", "C", 66.929, 66.929, 43.308, 43.308, 180],
		[181, "SWHEADER2_1", 2330, 670, "T", "DIP", "GND", "GND", "R", 66.929, 66.929, 43.308, 43.308, 180],
		[182, "SWHEADER2_1", 2330, 670, "B", "DIP", "GND", "GND", "R", 66.929, 66.929, 43.308, 43.308, 180],
		[183, "SWHEADER2_2", 2330, 570, "T", "DIP", "P0", "", "C", 66.929, 66.929, 43.308, 43.308, 180],
		[184, "SWHEADER2_2", 2330, 570, "B", "DIP", "P0", "", "C", 66.929, 66.929, 43.308, 43.308, 180],
		[185, "SWHEADER2_3", 2230, 670, "T", "DIP", "GND", "GND", "C", 66.929, 66.929, 43.308, 43.308, 180],
		[186, "SWHEADER2_3", 2230, 670, "B", "DIP", "GND", "GND", "C", 66.929, 66.929, 43.308, 43.308, 180],
		[187, "SWHEADER2_4", 2230, 570, "T", "DIP", "P1", "", "C", 66.929, 66.929, 43.308, 43.308, 180],
		[188, "SWHEADER2_4", 2230, 570, "B", "DIP", "P1", "", "C", 66.929, 66.929, 43.308, 43.308, 180],
		[189, "SWHEADER2_5", 2130, 670, "T", "DIP", "GND", "GND", "C", 66.929, 66.929, 43.308, 43.308, 180],
		[190, "SWHEADER2_5", 2130, 670, "B", "DIP", "GND", "GND", "C", 66.929, 66.929, 43.308, 43.308, 180],
		[191, "SWHEADER2_6", 2130, 570, "T", "DIP", "P2", "", "C", 66.929, 66.929, 43.308, 43.308, 180],
		[192, "SWHEADER2_6", 2130, 570, "B", "DIP", "P2", "", "C", 66.929, 66.929, 43.308, 43.308, 180],
		[193, "SWHEADER2_7", 2030, 670, "T", "DIP", "GND", "GND", "C", 66.929, 66.929, 43.308, 43.308, 180],
		[194, "SWHEADER2_7", 2030, 670, "B", "DIP", "GND", "GND", "C", 66.929, 66.929, 43.308, 43.308, 180],
		[195, "SWHEADER2_8", 2030, 570, "T", "DIP", "P3", "", "C", 66.929, 66.929, 43.308, 43.308, 180],
		[196, "SWHEADER2_8", 2030, 570, "B", "DIP", "P3", "", "C", 66.929, 66.929, 43.308, 43.308, 180],
		[197, "SWHEADER2_9", 1930, 670, "T", "DIP", "GND", "GND", "C", 66.929, 66.929, 43.308, 43.308, 180],
		[198, "SWHEADER2_9", 1930, 670, "B", "DIP", "GND", "GND", "C", 66.929, 66.929, 43.308, 43.308, 180],
		[199, "SWHEADER2_10", 1930, 570, "T", "DIP", "P4", "", "C", 66.929, 66.929, 43.308, 43.308, 180],
		[200, "SWHEADER2_10", 1930, 570, "B", "DIP", "P4", "", "C", 66.929, 66.929, 43.308, 43.308, 180],
		[201, "SWHEADER2_11", 1830, 670, "T", "DIP", "GND", "GND", "C", 66.929, 66.929, 43.308, 43.308, 180],
		[202, "SWHEADER2_11", 1830, 670, "B", "DIP", "GND", "GND", "C", 66.929, 66.929, 43.308, 43.308, 180],
		[203, "SWHEADER2_12", 1830, 570, "T", "DIP", "P5", "", "C", 66.929, 66.929, 43.308, 43.308, 180],
		[204, "SWHEADER2_12", 1830, 570, "B", "DIP", "P5", "", "C", 66.929, 66.929, 43.308, 43.308, 180],
		[205, "SWHEADER2_13", 1730, 670, "T", "DIP", "GND", "GND", "C", 66.929, 66.929, 43.308, 43.308, 180],
		[206, "SWHEADER2_13", 1730, 670, "B", "DIP", "GND", "GND", "C", 66.929, 66.929, 43.308, 43.308, 180],
		[207, "SWHEADER2_14", 1730, 570, "T", "DIP", "P6", "", "C", 66.929, 66.929, 43.308, 43.308, 180],
		[208, "SWHEADER2_14", 1730, 570, "B", "DIP", "P6", "", "C", 66.929, 66.929, 43.308, 43.308, 180],
		[209, "SWHEADER2_15", 1630, 670, "T", "DIP", "GND", "GND", "C", 66.929, 66.929, 43.308, 43.308, 180],
		[210, "SWHEADER2_15", 1630, 670, "B", "DIP", "GND", "GND", "C", 66.929, 66.929, 43.308, 43.308, 180],
		[211, "SWHEADER2_16", 1630, 570, "T", "DIP", "P7", "", "C", 66.929, 66.929, 43.308, 43.308, 180],
		[212, "SWHEADER2_16", 1630, 570, "B", "DIP", "P7", "", "C", 66.929, 66.929, 43.308, 43.308, 180],
		[213, "SWHEADER2_17", 1530, 670, "T", "DIP", "GND", "GND", "C", 66.929, 66.929, 43.308, 43.308, 180],
		[214, "SWHEADER2_17", 1530, 670, "B", "DIP", "GND", "GND", "C", 66.929, 66.929, 43.308, 43.308, 180],
		[215, "SWHEADER2_18", 1530, 570, "T", "DIP", "GPB0", "", "C", 66.929, 66.929, 43.308, 43.308, 180],
		[216, "SWHEADER2_18", 1530, 570, "B", "DIP", "GPB0", "", "C", 66.929, 66.929, 43.308, 43.308, 180],
		[217, "SWHEADER2_19", 1430, 670, "T", "DIP", "GND", "GND", "C", 66.929, 66.929, 43.308, 43.308, 180],
		[218, "SWHEADER2_19", 1430, 670, "B", "DIP", "GND", "GND", "C", 66.929, 66.929, 43.308, 43.308, 180],
		[219, "SWHEADER2_20", 1430, 570, "T", "DIP", "GPB1", "", "C", 66.929, 66.929, 43.308, 43.308, 180],
		[220, "SWHEADER2_20", 1430, 570, "B", "DIP", "GPB1", "", "C", 66.929, 66.929, 43.308, 43.308, 180],
		[221, "SWHEADER2_21", 1330, 670, "T", "DIP", "GND", "GND", "C", 66.929, 66.929, 43.308, 43.308, 180],
		[222, "SWHEADER2_21", 1330, 670, "B", "DIP", "GND", "GND", "C", 66.929, 66.929, 43.308, 43.308, 180],
		[223, "SWHEADER2_22", 1330, 570, "T", "DIP", "GPB2", "", "C", 66.929, 66.929, 43.308, 43.308, 180],
		[224, "SWHEADER2_22", 1330, 570, "B", "DIP", "GPB2", "", "C", 66.929, 66.929, 43.308, 43.308, 180],
		[225, "SWHEADER2_23", 1230, 670, "T", "DIP", "GND", "GND", "C", 66.929, 66.929, 43.308, 43.308, 180],
		[226, "SWHEADER2_23", 1230, 670, "B", "DIP", "GND", "GND", "C", 66.929, 66.929, 43.308, 43.308, 180],
		[227, "SWHEADER2_24", 1230, 570, "T", "DIP", "GPB3", "", "C", 66.929, 66.929, 43.308, 43.308, 180],
		[228, "SWHEADER2_24", 1230, 570, "B", "DIP", "GPB3", "", "C", 66.929, 66.929, 43.308, 43.308, 180],
		[229, "PAD1_2", 192.52, 450, "T", "DIP", "$1N8", "", "C", 55.118, 55.118, 31.496, 31.496, 180],
		[230, "PAD1_2", 192.52, 450, "B", "DIP", "$1N8", "", "C", 55.118, 55.118, 31.496, 31.496, 180],
		[231, "PAD2_1", 507.48, 450, "T", "DIP", "WAKEUP", "", "C", 55.118, 55.118, 31.496, 31.496, 180],
		[232, "PAD2_1", 507.48, 450, "B", "DIP", "WAKEUP", "", "C", 55.118, 55.118, 31.496, 31.496, 180],
		[233, "PAD3_2", 917.48, 450, "T", "DIP", "$1N19", "", "C", 55.118, 55.118, 31.496, 31.496, 0],
		[234, "PAD3_2", 917.48, 450, "B", "DIP", "$1N19", "", "C", 55.118, 55.118, 31.496, 31.496, 0],
		[235, "PAD4_1", 602.52, 450, "T", "DIP", "WAKEUP", "", "C", 55.118, 55.118, 31.496, 31.496, 0],
		[236, "PAD4_1", 602.52, 450, "B", "DIP", "WAKEUP", "", "C", 55.118, 55.118, 31.496, 31.496, 0],
		[237, "PAD5_1", 2530, 0, "T", "DIP", "GND", "GND", "R", 66.929, 66.929, 43.308, 43.308, 90],
		[238, "PAD5_1", 2530, 0, "B", "DIP", "GND", "GND", "R", 66.929, 66.929, 43.308, 43.308, 90],
		[239, "PAD6_2", 2430, 0, "T", "DIP", "VCC", "", "C", 66.929, 66.929, 43.308, 43.308, 90],
		[240, "PAD6_2", 2430, 0, "B", "DIP", "VCC", "", "C", 66.929, 66.929, 43.308, 43.308, 90],
		[241, "PAD7_3", 2530, 100, "T", "DIP", "GND", "GND", "C", 66.929, 66.929, 43.308, 43.308, 90],
		[242, "PAD7_3", 2530, 100, "B", "DIP", "GND", "GND", "C", 66.929, 66.929, 43.308, 43.308, 90],
		[243, "PAD8_4", 2430, 100, "T", "DIP", "VCC", "", "C", 66.929, 66.929, 43.308, 43.308, 90],
		[244, "PAD8_4", 2430, 100, "B", "DIP", "VCC", "", "C", 66.929, 66.929, 43.308, 43.308, 90],
		[245, "PAD9_5", 2530, 200, "T", "DIP", "GND", "GND", "C", 66.929, 66.929, 43.308, 43.308, 90],
		[246, "PAD9_5", 2530, 200, "B", "DIP", "GND", "GND", "C", 66.929, 66.929, 43.308, 43.308, 90],
		[247, "PAD10_6", 2430, 200, "T", "DIP", "VCC", "", "C", 66.929, 66.929, 43.308, 43.308, 90],
		[248, "PAD10_6", 2430, 200, "B", "DIP", "VCC", "", "C", 66.929, 66.929, 43.308, 43.308, 90],
		[249, "PAD11_7", 2530, 300, "T", "DIP", "WAKEUP", "", "C", 66.929, 66.929, 43.308, 43.308, 90],
		[250, "PAD11_7", 2530, 300, "B", "DIP", "WAKEUP", "", "C", 66.929, 66.929, 43.308, 43.308, 90],
		[251, "PAD12_8", 2430, 300, "T", "DIP", "WAKEUP", "", "C", 66.929, 66.929, 43.308, 43.308, 90],
		[252, "PAD12_8", 2430, 300, "B", "DIP", "WAKEUP", "", "C", 66.929, 66.929, 43.308, 43.308, 90],
		[253, "PAD13_9", 2530, 400, "T", "DIP", "SDA", "", "C", 66.929, 66.929, 43.308, 43.308, 90],
		[254, "PAD13_9", 2530, 400, "B", "DIP", "SDA", "", "C", 66.929, 66.929, 43.308, 43.308, 90],
		[255, "PAD14_10", 2430, 400, "T", "DIP", "SDA", "", "C", 66.929, 66.929, 43.308, 43.308, 90],
		[256, "PAD14_10", 2430, 400, "B", "DIP", "SDA", "", "C", 66.929, 66.929, 43.308, 43.308, 90],
		[257, "PAD15_11", 2530, 500, "T", "DIP", "SCL", "", "C", 66.929, 66.929, 43.308, 43.308, 90],
		[258, "PAD15_11", 2530, 500, "B", "DIP", "SCL", "", "C", 66.929, 66.929, 43.308, 43.308, 90],
		[259, "PAD16_12", 2430, 500, "T", "DIP", "SCL", "", "C", 66.929, 66.929, 43.308, 43.308, 90],
		[260, "PAD16_12", 2430, 500, "B", "DIP", "SCL", "", "C", 66.929, 66.929, 43.308, 43.308, 90],
		[261, "PAD17_1", 0, 2.52, "T", "DIP", "GPB0", "", "R", 59.055, 59.055, 35.434, 35.434, 0],
		[262, "PAD17_1", 0, 2.52, "B", "DIP", "GPB0", "", "R", 59.055, 59.055, 35.434, 35.434, 0],
		[263, "PAD18_2", 100, 2.52, "T", "DIP", "GPB1", "", "C", 59.055, 59.055, 35.434, 35.434, 0],
		[264, "PAD18_2", 100, 2.52, "B", "DIP", "GPB1", "", "C", 59.055, 59.055, 35.434, 35.434, 0],
		[265, "PAD19_3", 200, 2.52, "T", "DIP", "GPB2", "", "C", 59.055, 59.055, 35.434, 35.434, 0],
		[266, "PAD19_3", 200, 2.52, "B", "DIP", "GPB2", "", "C", 59.055, 59.055, 35.434, 35.434, 0],
		[267, "PAD20_4", 300, 2.52, "T", "DIP", "GPB3", "", "C", 59.055, 59.055, 35.434, 35.434, 0],
		[268, "PAD20_4", 300, 2.52, "B", "DIP", "GPB3", "", "C", 59.055, 59.055, 35.434, 35.434, 0],
		[269, "PAD21_5", 400, 2.52, "T", "DIP", "GPB4", "", "C", 59.055, 59.055, 35.434, 35.434, 0],
		[270, "PAD21_5", 400, 2.52, "B", "DIP", "GPB4", "", "C", 59.055, 59.055, 35.434, 35.434, 0],
		[271, "PAD22_6", 500, 2.52, "T", "DIP", "GPB5", "", "C", 59.055, 59.055, 35.434, 35.434, 0],
		[272, "PAD22_6", 500, 2.52, "B", "DIP", "GPB5", "", "C", 59.055, 59.055, 35.434, 35.434, 0],
		[273, "PAD23_7", 600, 2.52, "T", "DIP", "GPB6", "", "C", 59.055, 59.055, 35.434, 35.434, 0],
		[274, "PAD23_7", 600, 2.52, "B", "DIP", "GPB6", "", "C", 59.055, 59.055, 35.434, 35.434, 0],
		[275, "PAD24_8", 700, 2.52, "T", "DIP", "GPB7", "", "C", 59.055, 59.055, 35.434, 35.434, 0],
		[276, "PAD24_8", 700, 2.52, "B", "DIP", "GPB7", "", "C", 59.055, 59.055, 35.434, 35.434, 0],
		[277, "PAD25_9", 800, 2.52, "T", "DIP", "VCC", "", "C", 59.055, 59.055, 35.434, 35.434, 0],
		[278, "PAD25_9", 800, 2.52, "B", "DIP", "VCC", "", "C", 59.055, 59.055, 35.434, 35.434, 0],
		[279, "PAD26_10", 900, 2.52, "T", "DIP", "GND", "GND", "C", 59.055, 59.055, 35.434, 35.434, 0],
		[280, "PAD26_10", 900, 2.52, "B", "DIP", "GND", "GND", "C", 59.055, 59.055, 35.434, 35.434, 0],
		[281, "PAD27_12", 1100, 2.52, "T", "DIP", "SCL", "", "C", 59.055, 59.055, 35.434, 35.434, 0],
		[282, "PAD27_12", 1100, 2.52, "B", "DIP", "SCL", "", "C", 59.055, 59.055, 35.434, 35.434, 0],
		[283, "PAD28_13", 1200, 2.52, "T", "DIP", "SDA", "", "C", 59.055, 59.055, 35.434, 35.434, 0],
		[284, "PAD28_13", 1200, 2.52, "B", "DIP", "SDA", "", "C", 59.055, 59.055, 35.434, 35.434, 0],
		[285, "PAD29_28", 0, 317.48, "T", "DIP", "GPA7", "", "C", 59.055, 59.055, 35.434, 35.434, 0],
		[286, "PAD29_28", 0, 317.48, "B", "DIP", "GPA7", "", "C", 59.055, 59.055, 35.434, 35.434, 0],
		[287, "PAD30_27", 100, 317.48, "T", "DIP", "GPA6", "", "C", 59.055, 59.055, 35.434, 35.434, 0],
		[288, "PAD30_27", 100, 317.48, "B", "DIP", "GPA6", "", "C", 59.055, 59.055, 35.434, 35.434, 0],
		[289, "PAD31_26", 200, 317.48, "T", "DIP", "GPA5", "", "C", 59.055, 59.055, 35.434, 35.434, 0],
		[290, "PAD31_26", 200, 317.48, "B", "DIP", "GPA5", "", "C", 59.055, 59.055, 35.434, 35.434, 0],
		[291, "PAD32_25", 300, 317.48, "T", "DIP", "GPA4", "", "C", 59.055, 59.055, 35.434, 35.434, 0],
		[292, "PAD32_25", 300, 317.48, "B", "DIP", "GPA4", "", "C", 59.055, 59.055, 35.434, 35.434, 0],
		[293, "PAD33_24", 400, 317.48, "T", "DIP", "GPA3", "", "C", 59.055, 59.055, 35.434, 35.434, 0],
		[294, "PAD33_24", 400, 317.48, "B", "DIP", "GPA3", "", "C", 59.055, 59.055, 35.434, 35.434, 0],
		[295, "PAD34_23", 500, 317.48, "T", "DIP", "GPA2", "", "C", 59.055, 59.055, 35.434, 35.434, 0],
		[296, "PAD34_23", 500, 317.48, "B", "DIP", "GPA2", "", "C", 59.055, 59.055, 35.434, 35.434, 0],
		[297, "PAD35_22", 600, 317.48, "T", "DIP", "GPA1", "", "C", 59.055, 59.055, 35.434, 35.434, 0],
		[298, "PAD35_22", 600, 317.48, "B", "DIP", "GPA1", "", "C", 59.055, 59.055, 35.434, 35.434, 0],
		[299, "PAD36_21", 700, 317.48, "T", "DIP", "GPA0", "", "C", 59.055, 59.055, 35.434, 35.434, 0],
		[300, "PAD36_21", 700, 317.48, "B", "DIP", "GPA0", "", "C", 59.055, 59.055, 35.434, 35.434, 0],
		[301, "PAD37_20", 800, 317.48, "T", "DIP", "$1N8", "", "C", 59.055, 59.055, 35.434, 35.434, 0],
		[302, "PAD37_20", 800, 317.48, "B", "DIP", "$1N8", "", "C", 59.055, 59.055, 35.434, 35.434, 0],
		[303, "PAD38_18", 1000, 317.48, "T", "DIP", "VCC", "", "C", 59.055, 59.055, 35.434, 35.434, 0],
		[304, "PAD38_18", 1000, 317.48, "B", "DIP", "VCC", "", "C", 59.055, 59.055, 35.434, 35.434, 0],
		[305, "PAD39_17", 1100, 317.48, "T", "DIP", "VCC", "", "C", 59.055, 59.055, 35.434, 35.434, 0],
		[306, "PAD39_17", 1100, 317.48, "B", "DIP", "VCC", "", "C", 59.055, 59.055, 35.434, 35.434, 0],
		[307, "PAD40_16", 1200, 317.48, "T", "DIP", "VCC", "", "C", 59.055, 59.055, 35.434, 35.434, 0],
		[308, "PAD40_16", 1200, 317.48, "B", "DIP", "VCC", "", "C", 59.055, 59.055, 35.434, 35.434, 0],
		[309, "PAD41_15", 1300, 317.48, "T", "DIP", "VCC", "", "C", 59.055, 59.055, 35.434, 35.434, 0],
		[310, "PAD41_15", 1300, 317.48, "B", "DIP", "VCC", "", "C", 59.055, 59.055, 35.434, 35.434, 0],
		[311, "PAD42_1", 1410, 10, "T", "DIP", "GND", "GND", "O", 57.48, 71.85, 31.496, 31.496, 0],
		[312, "PAD42_1", 1410, 10, "B", "DIP", "GND", "GND", "O", 57.48, 71.85, 31.496, 31.496, 0],
		[313, "PAD43_2", 1510, 10, "T", "DIP", "GND", "GND", "O", 57.48, 71.85, 31.496, 31.496, 0],
		[314, "PAD43_2", 1510, 10, "B", "DIP", "GND", "GND", "O", 57.48, 71.85, 31.496, 31.496, 0],
		[315, "PAD44_3", 1610, 10, "T", "DIP", "GND", "GND", "O", 57.48, 71.85, 31.496, 31.496, 0],
		[316, "PAD44_3", 1610, 10, "B", "DIP", "GND", "GND", "O", 57.48, 71.85, 31.496, 31.496, 0],
		[317, "PAD45_4", 1710, 10, "T", "DIP", "P0", "", "O", 57.48, 71.85, 31.496, 31.496, 0],
		[318, "PAD45_4", 1710, 10, "B", "DIP", "P0", "", "O", 57.48, 71.85, 31.496, 31.496, 0],
		[319, "PAD46_5", 1810, 10, "T", "DIP", "P1", "", "O", 57.48, 71.85, 31.496, 31.496, 0],
		[320, "PAD46_5", 1810, 10, "B", "DIP", "P1", "", "O", 57.48, 71.85, 31.496, 31.496, 0],
		[321, "PAD47_6", 1910, 10, "T", "DIP", "P2", "", "O", 57.48, 71.85, 31.496, 31.496, 0],
		[322, "PAD47_6", 1910, 10, "B", "DIP", "P2", "", "O", 57.48, 71.85, 31.496, 31.496, 0],
		[323, "PAD48_7", 2010, 10, "T", "DIP", "P3", "", "O", 57.48, 71.85, 31.496, 31.496, 0],
		[324, "PAD48_7", 2010, 10, "B", "DIP", "P3", "", "O", 57.48, 71.85, 31.496, 31.496, 0],
		[325, "PAD49_8", 2110, 10, "T", "DIP", "GND", "GND", "O", 57.48, 71.85, 31.496, 31.496, 0],
		[326, "PAD49_8", 2110, 10, "B", "DIP", "GND", "GND", "O", 57.48, 71.85, 31.496, 31.496, 0],
		[327, "PAD50_16", 1410, 310, "T", "DIP", "VCC", "", "O", 57.48, 71.85, 31.496, 31.496, 0],
		[328, "PAD50_16", 1410, 310, "B", "DIP", "VCC", "", "O", 57.48, 71.85, 31.496, 31.496, 0],
		[329, "PAD51_15", 1510, 310, "T", "DIP", "SDA", "", "O", 57.48, 71.85, 31.496, 31.496, 0],
		[330, "PAD51_15", 1510, 310, "B", "DIP", "SDA", "", "O", 57.48, 71.85, 31.496, 31.496, 0],
		[331, "PAD52_14", 1610, 310, "T", "DIP", "SCL", "", "O", 57.48, 71.85, 31.496, 31.496, 0],
		[332, "PAD52_14", 1610, 310, "B", "DIP", "SCL", "", "O", 57.48, 71.85, 31.496, 31.496, 0],
		[333, "PAD53_13", 1710, 310, "T", "DIP", "$1N19", "", "O", 57.48, 71.85, 31.496, 31.496, 0],
		[334, "PAD53_13", 1710, 310, "B", "DIP", "$1N19", "", "O", 57.48, 71.85, 31.496, 31.496, 0],
		[335, "PAD54_12", 1810, 310, "T", "DIP", "P7", "", "O", 57.48, 71.85, 31.496, 31.496, 0],
		[336, "PAD54_12", 1810, 310, "B", "DIP", "P7", "", "O", 57.48, 71.85, 31.496, 31.496, 0],
		[337, "PAD55_11", 1910, 310, "T", "DIP", "P6", "", "O", 57.48, 71.85, 31.496, 31.496, 0],
		[338, "PAD55_11", 1910, 310, "B", "DIP", "P6", "", "O", 57.48, 71.85, 31.496, 31.496, 0],
		[339, "PAD56_10", 2010, 310, "T", "DIP", "P5", "", "O", 57.48, 71.85, 31.496, 31.496, 0],
		[340, "PAD56_10", 2010, 310, "B", "DIP", "P5", "", "O", 57.48, 71.85, 31.496, 31.496, 0],
		[341, "PAD57_9", 2110, 310, "T", "DIP", "P4", "", "O", 57.48, 71.85, 31.496, 31.496, 0],
		[342, "PAD57_9", 2110, 310, "B", "DIP", "P4", "", "O", 57.48, 71.85, 31.496, 31.496, 0],
		[343, "PAD58_1", 1527.24, 450, "T", "DIP", "VCC", "", "C", 60, 60, 39.37, 39.37, 0],
		[344, "PAD58_1", 1527.24, 450, "B", "DIP", "VCC", "", "C", 60, 60, 39.37, 39.37, 0],
		[345, "PAD59_2", 1932.76, 450, "T", "DIP", "SCL", "", "C", 60, 60, 39.37, 39.37, 0],
		[346, "PAD59_2", 1932.76, 450, "B", "DIP", "SCL", "", "C", 60, 60, 39.37, 39.37, 0],
		[347, "PAD60_1", 1432.76, 450, "T", "DIP", "VCC", "", "C", 60, 60, 39.37, 39.37, 180],
		[348, "PAD60_1", 1432.76, 450, "B", "DIP", "VCC", "", "C", 60, 60, 39.37, 39.37, 180],
		[349, "PAD61_2", 1027.24, 450, "T", "DIP", "SDA", "", "C", 60, 60, 39.37, 39.37, 180],
		[350, "PAD61_2", 1027.24, 450, "B", "DIP", "SDA", "", "C", 60, 60, 39.37, 39.37, 180],
		[351, "PAD62_21", 100, 670, "T", "DIP", "GND", "GND", "C", 66.929, 66.929, 43.308, 43.308, 180],
		[352, "PAD62_21", 100, 670, "B", "DIP", "GND", "GND", "C", 66.929, 66.929, 43.308, 43.308, 180],
		[353, "PAD63_22", 100, 570, "T", "DIP", "GPA6", "", "C", 66.929, 66.929, 43.308, 43.308, 180],
		[354, "PAD63_22", 100, 570, "B", "DIP", "GPA6", "", "C", 66.929, 66.929, 43.308, 43.308, 180],
		[355, "PAD64_1", 1100, 670, "T", "DIP", "GND", "GND", "R", 66.929, 66.929, 43.308, 43.308, 180],
		[356, "PAD64_1", 1100, 670, "B", "DIP", "GND", "GND", "R", 66.929, 66.929, 43.308, 43.308, 180],
		[357, "PAD65_2", 1100, 570, "T", "DIP", "GPB4", "", "C", 66.929, 66.929, 43.308, 43.308, 180],
		[358, "PAD65_2", 1100, 570, "B", "DIP", "GPB4", "", "C", 66.929, 66.929, 43.308, 43.308, 180],
		[359, "PAD66_3", 1000, 670, "T", "DIP", "GND", "GND", "C", 66.929, 66.929, 43.308, 43.308, 180],
		[360, "PAD66_3", 1000, 670, "B", "DIP", "GND", "GND", "C", 66.929, 66.929, 43.308, 43.308, 180],
		[361, "PAD67_4", 1000, 570, "T", "DIP", "GPB5", "", "C", 66.929, 66.929, 43.308, 43.308, 180],
		[362, "PAD67_4", 1000, 570, "B", "DIP", "GPB5", "", "C", 66.929, 66.929, 43.308, 43.308, 180],
		[363, "PAD68_5", 900, 670, "T", "DIP", "GND", "GND", "C", 66.929, 66.929, 43.308, 43.308, 180],
		[364, "PAD68_5", 900, 670, "B", "DIP", "GND", "GND", "C", 66.929, 66.929, 43.308, 43.308, 180],
		[365, "PAD69_6", 900, 570, "T", "DIP", "GPB6", "", "C", 66.929, 66.929, 43.308, 43.308, 180],
		[366, "PAD69_6", 900, 570, "B", "DIP", "GPB6", "", "C", 66.929, 66.929, 43.308, 43.308, 180],
		[367, "PAD70_7", 800, 670, "T", "DIP", "GND", "GND", "C", 66.929, 66.929, 43.308, 43.308, 180],
		[368, "PAD70_7", 800, 670, "B", "DIP", "GND", "GND", "C", 66.929, 66.929, 43.308, 43.308, 180],
		[369, "PAD71_8", 800, 570, "T", "DIP", "GPB7", "", "C", 66.929, 66.929, 43.308, 43.308, 180],
		[370, "PAD71_8", 800, 570, "B", "DIP", "GPB7", "", "C", 66.929, 66.929, 43.308, 43.308, 180],
		[371, "PAD72_9", 700, 670, "T", "DIP", "GND", "GND", "C", 66.929, 66.929, 43.308, 43.308, 180],
		[372, "PAD72_9", 700, 670, "B", "DIP", "GND", "GND", "C", 66.929, 66.929, 43.308, 43.308, 180],
		[373, "PAD73_10", 700, 570, "T", "DIP", "GPA0", "", "C", 66.929, 66.929, 43.308, 43.308, 180],
		[374, "PAD73_10", 700, 570, "B", "DIP", "GPA0", "", "C", 66.929, 66.929, 43.308, 43.308, 180],
		[375, "PAD74_11", 600, 670, "T", "DIP", "GND", "GND", "C", 66.929, 66.929, 43.308, 43.308, 180],
		[376, "PAD74_11", 600, 670, "B", "DIP", "GND", "GND", "C", 66.929, 66.929, 43.308, 43.308, 180],
		[377, "PAD75_12", 600, 570, "T", "DIP", "GPA1", "", "C", 66.929, 66.929, 43.308, 43.308, 180],
		[378, "PAD75_12", 600, 570, "B", "DIP", "GPA1", "", "C", 66.929, 66.929, 43.308, 43.308, 180],
		[379, "PAD76_13", 500, 670, "T", "DIP", "GND", "GND", "C", 66.929, 66.929, 43.308, 43.308, 180],
		[380, "PAD76_13", 500, 670, "B", "DIP", "GND", "GND", "C", 66.929, 66.929, 43.308, 43.308, 180],
		[381, "PAD77_14", 500, 570, "T", "DIP", "GPA2", "", "C", 66.929, 66.929, 43.308, 43.308, 180],
		[382, "PAD77_14", 500, 570, "B", "DIP", "GPA2", "", "C", 66.929, 66.929, 43.308, 43.308, 180],
		[383, "PAD78_15", 400, 670, "T", "DIP", "GND", "GND", "C", 66.929, 66.929, 43.308, 43.308, 180],
		[384, "PAD78_15", 400, 670, "B", "DIP", "GND", "GND", "C", 66.929, 66.929, 43.308, 43.308, 180],
		[385, "PAD79_16", 400, 570, "T", "DIP", "GPA3", "", "C", 66.929, 66.929, 43.308, 43.308, 180],
		[386, "PAD79_16", 400, 570, "B", "DIP", "GPA3", "", "C", 66.929, 66.929, 43.308, 43.308, 180],
		[387, "PAD80_17", 300, 670, "T", "DIP", "GND", "GND", "C", 66.929, 66.929, 43.308, 43.308, 180],
		[388, "PAD80_17", 300, 670, "B", "DIP", "GND", "GND", "C", 66.929, 66.929, 43.308, 43.308, 180],
		[389, "PAD81_18", 300, 570, "T", "DIP", "GPA4", "", "C", 66.929, 66.929, 43.308, 43.308, 180],
		[390, "PAD81_18", 300, 570, "B", "DIP", "GPA4", "", "C", 66.929, 66.929, 43.308, 43.308, 180],
		[391, "PAD82_19", 200, 670, "T", "DIP", "GND", "GND", "C", 66.929, 66.929, 43.308, 43.308, 180],
		[392, "PAD82_19", 200, 670, "B", "DIP", "GND", "GND", "C", 66.929, 66.929, 43.308, 43.308, 180],
		[393, "PAD83_20", 200, 570, "T", "DIP", "GPA5", "", "C", 66.929, 66.929, 43.308, 43.308, 180],
		[394, "PAD83_20", 200, 570, "B", "DIP", "GPA5", "", "C", 66.929, 66.929, 43.308, 43.308, 180],
		[395, "PAD84_24", 0, 570, "T", "DIP", "GPA7", "", "C", 66.929, 66.929, 43.308, 43.308, 180],
		[396, "PAD84_24", 0, 570, "B", "DIP", "GPA7", "", "C", 66.929, 66.929, 43.308, 43.308, 180],
		[397, "PAD85_23", 0, 670, "T", "DIP", "GND", "GND", "C", 66.929, 66.929, 43.308, 43.308, 180],
		[398, "PAD85_23", 0, 670, "B", "DIP", "GND", "GND", "C", 66.929, 66.929, 43.308, 43.308, 180],
		[399, "PAD86_21", 1330, 670, "T", "DIP", "GND", "GND", "C", 66.929, 66.929, 43.308, 43.308, 180],
		[400, "PAD86_21", 1330, 670, "B", "DIP", "GND", "GND", "C", 66.929, 66.929, 43.308, 43.308, 180],
		[401, "PAD87_22", 1330, 570, "T", "DIP", "GPB2", "", "C", 66.929, 66.929, 43.308, 43.308, 180],
		[402, "PAD87_22", 1330, 570, "B", "DIP", "GPB2", "", "C", 66.929, 66.929, 43.308, 43.308, 180],
		[403, "PAD88_1", 2330, 670, "T", "DIP", "GND", "GND", "R", 66.929, 66.929, 43.308, 43.308, 180],
		[404, "PAD88_1", 2330, 670, "B", "DIP", "GND", "GND", "R", 66.929, 66.929, 43.308, 43.308, 180],
		[405, "PAD89_2", 2330, 570, "T", "DIP", "P0", "", "C", 66.929, 66.929, 43.308, 43.308, 180],
		[406, "PAD89_2", 2330, 570, "B", "DIP", "P0", "", "C", 66.929, 66.929, 43.308, 43.308, 180],
		[407, "PAD90_3", 2230, 670, "T", "DIP", "GND", "GND", "C", 66.929, 66.929, 43.308, 43.308, 180],
		[408, "PAD90_3", 2230, 670, "B", "DIP", "GND", "GND", "C", 66.929, 66.929, 43.308, 43.308, 180],
		[409, "PAD91_4", 2230, 570, "T", "DIP", "P1", "", "C", 66.929, 66.929, 43.308, 43.308, 180],
		[410, "PAD91_4", 2230, 570, "B", "DIP", "P1", "", "C", 66.929, 66.929, 43.308, 43.308, 180],
		[411, "PAD92_5", 2130, 670, "T", "DIP", "GND", "GND", "C", 66.929, 66.929, 43.308, 43.308, 180],
		[412, "PAD92_5", 2130, 670, "B", "DIP", "GND", "GND", "C", 66.929, 66.929, 43.308, 43.308, 180],
		[413, "PAD93_6", 2130, 570, "T", "DIP", "P2", "", "C", 66.929, 66.929, 43.308, 43.308, 180],
		[414, "PAD93_6", 2130, 570, "B", "DIP", "P2", "", "C", 66.929, 66.929, 43.308, 43.308, 180],
		[415, "PAD94_7", 2030, 670, "T", "DIP", "GND", "GND", "C", 66.929, 66.929, 43.308, 43.308, 180],
		[416, "PAD94_7", 2030, 670, "B", "DIP", "GND", "GND", "C", 66.929, 66.929, 43.308, 43.308, 180],
		[417, "PAD95_8", 2030, 570, "T", "DIP", "P3", "", "C", 66.929, 66.929, 43.308, 43.308, 180],
		[418, "PAD95_8", 2030, 570, "B", "DIP", "P3", "", "C", 66.929, 66.929, 43.308, 43.308, 180],
		[419, "PAD96_9", 1930, 670, "T", "DIP", "GND", "GND", "C", 66.929, 66.929, 43.308, 43.308, 180],
		[420, "PAD96_9", 1930, 670, "B", "DIP", "GND", "GND", "C", 66.929, 66.929, 43.308, 43.308, 180],
		[421, "PAD97_10", 1930, 570, "T", "DIP", "P4", "", "C", 66.929, 66.929, 43.308, 43.308, 180],
		[422, "PAD97_10", 1930, 570, "B", "DIP", "P4", "", "C", 66.929, 66.929, 43.308, 43.308, 180],
		[423, "PAD98_11", 1830, 670, "T", "DIP", "GND", "GND", "C", 66.929, 66.929, 43.308, 43.308, 180],
		[424, "PAD98_11", 1830, 670, "B", "DIP", "GND", "GND", "C", 66.929, 66.929, 43.308, 43.308, 180],
		[425, "PAD99_12", 1830, 570, "T", "DIP", "P5", "", "C", 66.929, 66.929, 43.308, 43.308, 180],
		[426, "PAD99_12", 1830, 570, "B", "DIP", "P5", "", "C", 66.929, 66.929, 43.308, 43.308, 180],
		[427, "PAD100_13", 1730, 670, "T", "DIP", "GND", "GND", "C", 66.929, 66.929, 43.308, 43.308, 180],
		[428, "PAD100_13", 1730, 670, "B", "DIP", "GND", "GND", "C", 66.929, 66.929, 43.308, 43.308, 180],
		[429, "PAD101_14", 1730, 570, "T", "DIP", "P6", "", "C", 66.929, 66.929, 43.308, 43.308, 180],
		[430, "PAD101_14", 1730, 570, "B", "DIP", "P6", "", "C", 66.929, 66.929, 43.308, 43.308, 180],
		[431, "PAD102_15", 1630, 670, "T", "DIP", "GND", "GND", "C", 66.929, 66.929, 43.308, 43.308, 180],
		[432, "PAD102_15", 1630, 670, "B", "DIP", "GND", "GND", "C", 66.929, 66.929, 43.308, 43.308, 180],
		[433, "PAD103_16", 1630, 570, "T", "DIP", "P7", "", "C", 66.929, 66.929, 43.308, 43.308, 180],
		[434, "PAD103_16", 1630, 570, "B", "DIP", "P7", "", "C", 66.929, 66.929, 43.308, 43.308, 180],
		[435, "PAD104_17", 1530, 670, "T", "DIP", "GND", "GND", "C", 66.929, 66.929, 43.308, 43.308, 180],
		[436, "PAD104_17", 1530, 670, "B", "DIP", "GND", "GND", "C", 66.929, 66.929, 43.308, 43.308, 180],
		[437, "PAD105_18", 1530, 570, "T", "DIP", "GPB0", "", "C", 66.929, 66.929, 43.308, 43.308, 180],
		[438, "PAD105_18", 1530, 570, "B", "DIP", "GPB0", "", "C", 66.929, 66.929, 43.308, 43.308, 180],
		[439, "PAD106_19", 1430, 670, "T", "DIP", "GND", "GND", "C", 66.929, 66.929, 43.308, 43.308, 180],
		[440, "PAD106_19", 1430, 670, "B", "DIP", "GND", "GND", "C", 66.929, 66.929, 43.308, 43.308, 180],
		[441, "PAD107_20", 1430, 570, "T", "DIP", "GPB1", "", "C", 66.929, 66.929, 43.308, 43.308, 180],
		[442, "PAD107_20", 1430, 570, "B", "DIP", "GPB1", "", "C", 66.929, 66.929, 43.308, 43.308, 180],
		[443, "PAD108_24", 1230, 570, "T", "DIP", "GPB3", "", "C", 66.929, 66.929, 43.308, 43.308, 180],
		[444, "PAD108_24", 1230, 570, "B", "DIP", "GPB3", "", "C", 66.929, 66.929, 43.308, 43.308, 180],
		[445, "PAD109_23", 1230, 670, "T", "DIP", "GND", "GND", "C", 66.929, 66.929, 43.308, 43.308, 180],
		[446, "PAD109_23", 1230, 670, "B", "DIP", "GND", "GND", "C", 66.929, 66.929, 43.308, 43.308, 180]
	]
}
}