{
"lengthUnit": "mil",
"remark": [],
"components": {
	"fields": ["COMPONENT_NO", "COMPONENT_NAME", "LAYER", "X_COORDINATE", "Y_COORDINATE", "ANGLE"],
	"rows": [
		[1, "D1", "T", 960, 515, 180],
		[2, "D2", "T", 1840, 0, 0],
		[3, "EXP1", "T", 650, 257.48, 0],
		[4, "EXP2", "T", 2150, 255, 180],
		[5, "H1", "T", 350, 515, 180],
		[6, "H2", "T", 350, 0, 0],
		[7, "H3", "T", 2450, 515, 180],
		[8, "H4", "T", 2450, 0, 0],
		[9, "H5", "T", 1250, 0, 0],
		[10, "H6", "T", 1550, 515, 180],
		[11, "SCREW1", "T", -140, 255, 0],
		[12, "SCREW2", "T", 2940, 255, 0],
		[13, "PAD1", "T", 802.52, 515, 0],
		[14, "PAD1", "B", 802.52, 515, 0],
		[15, "PAD2", "T", 1117.48, 515, 0],
		[16, "PAD2", "B", 1117.48, 515, 0],
		[17, "PAD3", "T", 1997.48, 0, 0],
		[18, "PAD3", "B", 1997.48, 0, 0],
		[19, "PAD4", "T", 1682.52, 0, 0],
		[20, "PAD4", "B", 1682.52, 0, 0],
		[21, "PAD5", "T", 0, 100, 0],
		[22, "PAD5", "B", 0, 100, 0],
		[23, "PAD6", "T", 100, 100, 0],
		[24, "PAD6", "B", 100, 100, 0],
		[25, "PAD7", "T", 200, 100, 0],
		[26, "PAD7", "B", 200, 100, 0],
		[27, "PAD8", "T", 300, 100, 0],
		[28, "PAD8", "B", 300, 100, 0],
		[29, "PAD9", "T", 400, 100, 0],
		[30, "PAD9", "B", 400, 100, 0],
		[31, "PAD10", "T", 500, 100, 0],
		[32, "PAD10", "B", 500, 100, 0],
		[33, "PAD11", "T", 600, 100, 0],
		[34, "PAD11", "B", 600, 100, 0],
		[35, "PAD12", "T", 700, 100, 0],
		[36, "PAD12", "B", 700, 100, 0],
		[37, "PAD13", "T", 800, 100, 0],
		[38, "PAD13", "B", 800, 100, 0],
		[39, "PAD14", "T", 900, 100, 0],
		[40, "PAD14", "B", 900, 100, 0],
		[41, "PAD15", "T", 1100, 100, 0],
		[42, "PAD15", "B", 1100, 100, 0],
		[43, "PAD16", "T", 1200, 100, 0],
		[44, "PAD16", "B", 1200, 100, 0],
		[45, "PAD17", "T", 0, 414.96, 0],
		[46, "PAD17", "B", 0, 414.96, 0],
		[47, "PAD18", "T", 100, 414.96, 0],
		[48, "PAD18", "B", 100, 414.96, 0],
		[49, "PAD19", "T", 200, 414.96, 0],
		[50, "PAD19", "B", 200, 414.96, 0],
		[51, "PAD20", "T", 300, 414.96, 0],
		[52, "PAD20", "B", 300, 414.96, 0],
		[53, "PAD21", "T", 400, 414.96, 0],
		[54, "PAD21", "B", 400, 414.96, 0],
		[55, "PAD22", "T", 500, 414.96, 0],
		[56, "PAD22", "B", 500, 414.96, 0],
		[57, "PAD23", "T", 600, 414.96, 0],
		[58, "PAD23", "B", 600, 414.96, 0],
		[59, "PAD24", "T", 700, 414.96, 0],
		[60, "PAD24", "B", 700, 414.96, 0],
		[61, "PAD25", "T", 800, 414.96, 0],
		[62, "PAD25", "B", 800, 414.96, 0],
		[63, "PAD26", "T", 1000, 414.96, 0],
		[64, "PAD26", "B", 1000, 414.96, 0],
		[65, "PAD27", "T", 1100, 414.96, 0],
		[66, "PAD27", "B", 1100, 414.96, 0],
		[67, "PAD28", "T", 1200, 414.96, 0],
		[68, "PAD28", "B", 1200, 414.96, 0],
		[69, "PAD29", "T", 1300, 414.96, 0],
		[70, "PAD29", "B", 1300, 414.96, 0],
		[71, "PAD30", "T", 2800, 412.48, 0],
		[72, "PAD30", "B", 2800, 412.48, 0],
		[73, "PAD31", "T", 2700, 412.48, 0],
		[74, "PAD31", "B", 2700, 412.48, 0],
		[75, "PAD32", "T", 2600, 412.48, 0],
		[76, "PAD32", "B", 2600, 412.48, 0],
		[77, "PAD33", "T", 2500, 412.48, 0],
		[78, "PAD33", "B", 2500, 412.48, 0],
		[79, "PAD34", "T", 2400, 412.48, 0],
		[80, "PAD34", "B", 2400, 412.48, 0],
		[81, "PAD35", "T", 2300, 412.48, 0],
		[82, "PAD35", "B", 2300, 412.48, 0],
		[83, "PAD36", "T", 2200, 412.48, 0],
		[84, "PAD36", "B", 2200, 412.48, 0],
		[85, "PAD37", "T", 2100, 412.48, 0],
		[86, "PAD37", "B", 2100, 412.48, 0],
		[87, "PAD38", "T", 2000, 412.48, 0],
		[88, "PAD38", "B", 2000, 412.48, 0],
		[89, "PAD39", "T", 1900, 412.48, 0],
		[90, "PAD39", "B", 1900, 412.48, 0],
		[91, "PAD40", "T", 1700, 412.48, 0],
		[92, "PAD40", "B", 1700, 412.48, 0],
		[93, "PAD41", "T", 1600, 412.48, 0],
		[94, "PAD41", "B", 1600, 412.48, 0],
		[95, "PAD42", "T", 2800, 97.52, 0],
		[96, "PAD42", "B", 2800, 97.52, 0],
		[97, "PAD43", "T", 2700, 97.52, 0],
		[98, "PAD43", "B", 2700, 97.52, 0],
		[99, "PAD44", "T", 2600, 97.52, 0],
		[100, "PAD44", "B", 2600, 97.52, 0],
		[101, "PAD45", "T", 2500, 97.52, 0],
		[102, "PAD45", "B", 2500, 97.52, 0],
		[103, "PAD46", "T", 2400, 97.52, 0],
		[104, "PAD46", "B", 2400, 97.52, 0],
		[105, "PAD47", "T", 2300, 97.52, 0],
		[106, "PAD47", "B", 2300, 97.52, 0],
		[107, "PAD48", "T", 2200, 97.52, 0],
		[108, "PAD48", "B", 2200, 97.52, 0],
		[109, "PAD49", "T", 2100, 97.52, 0],
		[110, "PAD49", "B", 2100, 97.52, 0],
		[111, "PAD50", "T", 2000, 97.52, 0],
		[112, "PAD50", "B", 2000, 97.52, 0],
		[113, "PAD51", "T", 1800, 97.52, 0],
		[114, "PAD51", "B", 1800, 97.52, 0],
		[115, "PAD52", "T", 1700, 97.52, 0],
		[116, "PAD52", "B", 1700, 97.52, 0],
		[117, "PAD53", "T", 1600, 97.52, 0],
		[118, "PAD53", "B", 1600, 97.52, 0],
		[119, "PAD54", "T", 1500, 97.52, 0],
		[120, "PAD54", "B", 1500, 97.52, 0],
		[121, "PAD55", "T", 700, 515, 0],
		[122, "PAD55", "B", 700, 515, 0],
		[123, "PAD56", "T", 600, 515, 0],
		[124, "PAD56", "B", 600, 515, 0],
		[125, "PAD57", "T", 500, 515, 0],
		[126, "PAD57", "B", 500, 515, 0],
		[127, "PAD58", "T", 400, 515, 0],
		[128, "PAD58", "B", 400, 515, 0],
		[129, "PAD59", "T", 300, 515, 0],
		[130, "PAD59", "B", 300, 515, 0],
		[131, "PAD60", "T", 200, 515, 0],
		[132, "PAD60", "B", 200, 515, 0],
		[133, "PAD61", "T", 100, 515, 0],
		[134, "PAD61", "B", 100, 515, 0],
		[135, "PAD62", "T", 0, 515, 0],
		[136, "PAD62", "B", 0, 515, 0],
		[137, "PAD63", "T", 0, 0, 0],
		[138, "PAD63", "B", 0, 0, 0],
		[139, "PAD64", "T", 100, 0, 0],
		[140, "PAD64", "B", 100, 0, 0],
		[141, "PAD65", "T", 200, 0, 0],
		[142, "PAD65", "B", 200, 0, 0],
		[143, "PAD66", "T", 300, 0, 0],
		[144, "PAD66", "B", 300, 0, 0],
		[145, "PAD67", "T", 400, 0, 0],
		[146, "PAD67", "B", 400, 0, 0],
		[147, "PAD68", "T", 500, 0, 0],
		[148, "PAD68", "B", 500, 0, 0],
		[149, "PAD69", "T", 600, 0, 0],
		[150, "PAD69", "B", 600, 0, 0],
		[151, "PAD70", "T", 700, 0, 0],
		[152, "PAD70", "B", 700, 0, 0],
		[153, "PAD71", "T", 2800, 515, 0],
		[154, "PAD71", "B", 2800, 515, 0],
		[155, "PAD72", "T", 2700, 515, 0],
		[156, "PAD72", "B", 2700, 515, 0],
		[157, "PAD73", "T", 2600, 515, 0],
		[158, "PAD73", "B", 2600, 515, 0],
		[159, "PAD74", "T", 2500, 515, 0],
		[160, "PAD74", "B", 2500, 515, 0],
		[161, "PAD75", "T", 2400, 515, 0],
		[162, "PAD75", "B", 2400, 515, 0],
		[163, "PAD76", "T", 2300, 515, 0],
		[164, "PAD76", "B", 2300, 515, 0],
		[165, "PAD77", "T", 2200, 515, 0],
		[166, "PAD77", "B", 2200, 515, 0],
		[167, "PAD78", "T", 2100, 515, 0],
		[168, "PAD78", "B", 2100, 515, 0],
		[169, "PAD79", "T", 2100, 0, 0],
		[170, "PAD79", "B", 2100, 0, 0],
		[171, "PAD80", "T", 2200, 0, 0],
		[172, "PAD80", "B", 2200, 0, 0],
		[173, "PAD81", "T", 2300, 0, 0],
		[174, "PAD81", "B", 2300, 0, 0],
		[175, "PAD82", "T", 2400, 0, 0],
		[176, "PAD82", "B", 2400, 0, 0],
		[177, "PAD83", "T", 2500, 0, 0],
		[178, "PAD83", "B", 2500, 0, 0],
		[179, "PAD84", "T", 2600, 0, 0],
		[180, "PAD84", "B", 2600, 0, 0],
		[181, "PAD85", "T", 2700, 0, 0],
		[182, "PAD85", "B", 2700, 0, 0],
		[183, "PAD86", "T", 2800, 0, 0],
		[184, "PAD86", "B", 2800, 0, 0],
		[185, "PAD87", "T", 900, 0, 0],
		[186, "PAD87", "B", 900, 0, 0],
		[187, "PAD88", "T", 1000, 0, 0],
		[188, "PAD88", "B", 1000, 0, 0],
		[189, "PAD89", "T", 1100, 0, 0],
		[190, "PAD89", "B", 1100, 0, 0],
		[191, "PAD90", "T", 1200, 0, 0],
		[192, "PAD90", "B", 1200, 0, 0],
		[193, "PAD91", "T", 1300, 0, 0],
		[194, "PAD91", "B", 1300, 0, 0],
		[195, "PAD92", "T", 1400, 0, 0],
		[196, "PAD92", "B", 1400, 0, 0],
		[197, "PAD93", "T", 1500, 0, 0],
		[198, "PAD93", "B", 1500, 0, 0],
		[199, "PAD94", "T", 1600, 0, 0],
		[200, "PAD94", "B", 1600, 0, 0],
		[201, "PAD95", "T", 1900, 515, 0],
		[202, "PAD95", "B", 1900, 515, 0],
		[203, "PAD96", "T", 1800, 515, 0],
		[204, "PAD96", "B", 1800, 515, 0],
		[205, "PAD97", "T", 1700, 515, 0],
		[206, "PAD97", "B", 1700, 515, 0],
		[207, "PAD98", "T", 1600, 515, 0],
		[208, "PAD98", "B", 1600, 515, 0],
		[209, "PAD99", "T", 1500, 515, 0],
		[210, "PAD99", "B", 1500, 515, 0],
		[211, "PAD100", "T", 1400, 515, 0],
		[212, "PAD100", "B", 1400, 515, 0],
		[213, "PAD101", "T", 1300, 515, 0],
		[214, "PAD101", "B", 1300, 515, 0],
		[215, "PAD102", "T", 1200, 515, 0],
		[216, "PAD102", "B", 1200, 515, 0]
	]
},
"pins": {
	"fields": ["PIN_NO", "PIN_NAME", "PIN_X", "PIN_Y", "LAYER", "PIN_TYPE", "NET_NAME", "NET_TYPE", "PAD_SHAPE", "PAD_SIZEX", "PAD_SIZEY", "HOLE_SIZE", "HOLE_LEN", "PAD_ANGLE"],
	"rows": [
		[1, "D1_1", 1117.48, 515, "T", "DIP", "WAKEUP", "", "C", 55.118, 55.118, 31.496, 31.496, 180],
		[2, "D1_1", 1117.48, 515, "B", "DIP", "WAKEUP", "", "C", 55.118, 55.118, 31.496, 31.496, 180],
		[3, "D1_2", 802.52, 515, "T", "DIP", "$1N406", "", "C", 55.118, 55.118, 31.496, 31.496, 180],
		[4, "D1_2", 802.52, 515, "B", "DIP", "$1N406", "", "C", 55.118, 55.118, 31.496, 31.496, 180],
		[5, "D2_1", 1682.52, 0, "T", "DIP", "WAKEUP", "", "C", 55.118, 55.118, 31.496, 31.496, 0],
		[6, "D2_1", 1682.52, 0, "B", "DIP", "WAKEUP", "", "C", 55.118, 55.118, 31.496, 31.496, 0],
		[7, "D2_2", 1997.48, 0, "T", "DIP", "$1N912", "", "C", 55.118, 55.118, 31.496, 31.496, 0],
		[8, "D2_2", 1997.48, 0, "B", "DIP", "$1N912", "", "C", 55.118, 55.118, 31.496, 31.496, 0],
		[9, "EXP1_1", 0, 100, "T", "DIP", "XGPB0", "", "R", 59.055, 59.055, 35.434, 35.434, 0],
		[10, "EXP1_1", 0, 100, "B", "DIP", "XGPB0", "", "R", 59.055, 59.055, 35.434, 35.434, 0],
		[11, "EXP1_2", 100, 100, "T", "DIP", "XGPB1", "", "C", 59.055, 59.055, 35.434, 35.434, 0],
		[12, "EXP1_2", 100, 100, "B", "DIP", "XGPB1", "", "C", 59.055, 59.055, 35.434, 35.434, 0],
		[13, "EXP1_3", 200, 100, "T", "DIP", "XGPB2", "", "C", 59.055, 59.055, 35.434, 35.434, 0],
		[14, "EXP1_3", 200, 100, "B", "DIP", "XGPB2", "", "C", 59.055, 59.055, 35.434, 35.434, 0],
		[15, "EXP1_4", 300, 100, "T", "DIP", "XGPB3", "", "C", 59.055, 59.055, 35.434, 35.434, 0],
		[16, "EXP1_4", 300, 100, "B", "DIP", "XGPB3", "", "C", 59.055, 59.055, 35.434, 35.434, 0],
		[17, "EXP1_5", 400, 100, "T", "DIP", "XGPB4", "", "C", 59.055, 59.055, 35.434, 35.434, 0],
		[18, "EXP1_5", 400, 100, "B", "DIP", "XGPB4", "", "C", 59.055, 59.055, 35.434, 35.434, 0],
		[19, "EXP1_6", 500, 100, "T", "DIP", "XGPB5", "", "C", 59.055, 59.055, 35.434, 35.434, 0],
		[20, "EXP1_6", 500, 100, "B", "DIP", "XGPB5", "", "C", 59.055, 59.055, 35.434, 35.434, 0],
		[21, "EXP1_7", 600, 100, "T", "DIP", "XGPB6", "", "C", 59.055, 59.055, 35.434, 35.434, 0],
		[22, "EXP1_7", 600, 100, "B", "DIP", "XGPB6", "", "C", 59.055, 59.055, 35.434, 35.434, 0],
		[23, "EXP1_8", 700, 100, "T", "DIP", "XGPB7", "", "C", 59.055, 59.055, 35.434, 35.434, 0],
		[24, "EXP1_8", 700, 100, "B", "DIP", "XGPB7", "", "C", 59.055, 59.055, 35.434, 35.434, 0],
		[25, "EXP1_9", 800, 100, "T", "DIP", "VCC", "", "C", 59.055, 59.055, 35.434, 35.434, 0],
		[26, "EXP1_9", 800, 100, "B", "DIP", "VCC", "", "C", 59.055, 59.055, 35.434, 35.434, 0],
		[27, "EXP1_10", 900, 100, "T", "DIP", "GND", "GND", "C", 59.055, 59.055, 35.434, 35.434, 0],
		[28, "EXP1_10", 900, 100, "B", "DIP", "GND", "GND", "C", 59.055, 59.055, 35.434, 35.434, 0],
		[29, "EXP1_11", 1000, 100, "T", "DIP", "NET_1", "", "C", 59.055, 59.055, 35.434, 35.434, 0],
		[30, "EXP1_11", 1000, 100, "B", "DIP", "NET_1", "", "C", 59.055, 59.055, 35.434, 35.434, 0],
		[31, "EXP1_12", 1100, 100, "T", "DIP", "SCL", "", "C", 59.055, 59.055, 35.434, 35.434, 0],
		[32, "EXP1_12", 1100, 100, "B", "DIP", "SCL", "", "C", 59.055, 59.055, 35.434, 35.434, 0],
		[33, "EXP1_13", 1200, 100, "T", "DIP", "SDA", "", "C", 59.055, 59.055, 35.434, 35.434, 0],
		[34, "EXP1_13", 1200, 100, "B", "DIP", "SDA", "", "C", 59.055, 59.055, 35.434, 35.434, 0],
		[35, "EXP1_14", 1300, 100, "T", "DIP", "NET_2", "", "C", 59.055, 59.055, 35.434, 35.434, 0],
		[36, "EXP1_14", 1300, 100, "B", "DIP", "NET_2", "", "C", 59.055, 59.055, 35.434, 35.434, 0],
		[37, "EXP1_15", 1300, 414.96, "T", "DIP", "VCC", "", "C", 59.055, 59.055, 35.434, 35.434, 0],
		[38, "EXP1_15", 1300, 414.96, "B", "DIP", "VCC", "", "C", 59.055, 59.055, 35.434, 35.434, 0],
		[39, "EXP1_16", 1200, 414.96, "T", "DIP", "VCC", "", "C", 59.055, 59.055, 35.434, 35.434, 0],
		[40, "EXP1_16", 1200, 414.96, "B", "DIP", "VCC", "", "C", 59.055, 59.055, 35.434, 35.434, 0],
		[41, "EXP1_17", 1100, 414.96, "T", "DIP", "VCC", "", "C", 59.055, 59.055, 35.434, 35.434, 0],
		[42, "EXP1_17", 1100, 414.96, "B", "DIP", "VCC", "", "C", 59.055, 59.055, 35.434, 35.434, 0],
		[43, "EXP1_18", 1000, 414.96, "T", "DIP", "VCC", "", "C", 59.055, 59.055, 35.434, 35.434, 0],
		[44, "EXP1_18", 1000, 414.96, "B", "DIP", "VCC", "", "C", 59.055, 59.055, 35.434, 35.434, 0],
		[45, "EXP1_19", 900, 414.96, "T", "DIP", "NET_3", "", "C", 59.055, 59.055, 35.434, 35.434, 0],
		[46, "EXP1_19", 900, 414.96, "B", "DIP", "NET_3", "", "C", 59.055, 59.055, 35.434, 35.434, 0],
		[47, "EXP1_20", 800, 414.96, "T", "DIP", "$1N406", "", "C", 59.055, 59.055, 35.434, 35.434, 0],
		[48, "EXP1_20", 800, 414.96, "B", "DIP", "$1N406", "", "C", 59.055, 59.055, 35.434, 35.434, 0],
		[49, "EXP1_21", 700, 414.96, "T", "DIP", "XGPA0", "", "C", 59.055, 59.055, 35.434, 35.434, 0],
		[50, "EXP1_21", 700, 414.96, "B", "DIP", "XGPA0", "", "C", 59.055, 59.055, 35.434, 35.434, 0],
		[51, "EXP1_22", 600, 414.96, "T", "DIP", "XGPA1", "", "C", 59.055, 59.055, 35.434, 35.434, 0],
		[52, "EXP1_22", 600, 414.96, "B", "DIP", "XGPA1", "", "C", 59.055, 59.055, 35.434, 35.434, 0],
		[53, "EXP1_23", 500, 414.96, "T", "DIP", "XGPA2", "", "C", 59.055, 59.055, 35.434, 35.434, 0],
		[54, "EXP1_23", 500, 414.96, "B", "DIP", "XGPA2", "", "C", 59.055, 59.055, 35.434, 35.434, 0],
		[55, "EXP1_24", 400, 414.96, "T", "DIP", "XGPA3", "", "C", 59.055, 59.055, 35.434, 35.434, 0],
		[56, "EXP1_24", 400, 414.96, "B", "DIP", "XGPA3", "", "C", 59.055, 59.055, 35.434, 35.434, 0],
		[57, "EXP1_25", 300, 414.96, "T", "DIP", "XGPA4", "", "C", 59.055, 59.055, 35.434, 35.434, 0],
		[58, "EXP1_25", 300, 414.96, "B", "DIP", "XGPA4", "", "C", 59.055, 59.055, 35.434, 35.434, 0],
		[59, "EXP1_26", 200, 414.96, "T", "DIP", "XGPA5", "", "C", 59.055, 59.055, 35.434, 35.434, 0],
		[60, "EXP1_26", 200, 414.96, "B", "DIP", "XGPA5", "", "C", 59.055, 59.055, 35.434, 35.434, 0],
		[61, "EXP1_27", 100, 414.96, "T", "DIP", "XGPA6", "", "C", 59.055, 59.055, 35.434, 35.434, 0],
		[62, "EXP1_27", 100, 414.96, "B", "DIP", "XGPA6", "", "C", 59.055, 59.055, 35.434, 35.434, 0],
		[63, "EXP1_28", 0, 414.96, "T", "DIP", "XGPA7", "", "C", 59.055, 59.055, 35.434, 35.434, 0],
		[64, "EXP1_28", 0, 414.96, "B", "DIP", "XGPA7", "", "C", 59.055, 59.055, 35.434, 35.434, 0],
		[65, "EXP2_1", 2800, 412.48, "T", "DIP", "YGPB0", "", "R", 59.055, 59.055, 35.434, 35.434, 180],
		[66, "EXP2_1", 2800, 412.48, "B", "DIP", "YGPB0", "", "R", 59.055, 59.055, 35.434, 35.434, 180],
		[67, "EXP2_2", 2700, 412.48, "T", "DIP", "YGPB1", "", "C", 59.055, 59.055, 35.434, 35.434, 180],
		[68, "EXP2_2", 2700, 412.48, "B", "DIP", "YGPB1", "", "C", 59.055, 59.055, 35.434, 35.434, 180],
		[69, "EXP2_3", 2600, 412.48, "T", "DIP", "YGPB2", "", "C", 59.055, 59.055, 35.434, 35.434, 180],
		[70, "EXP2_3", 2600, 412.48, "B", "DIP", "YGPB2", "", "C", 59.055, 59.055, 35.434, 35.434, 180],
		[71, "EXP2_4", 2500, 412.48, "T", "DIP", "YGPB3", "", "C", 59.055, 59.055, 35.434, 35.434, 180],
		[72, "EXP2_4", 2500, 412.48, "B", "DIP", "YGPB3", "", "C", 59.055, 59.055, 35.434, 35.434, 180],
		[73, "EXP2_5", 2400, 412.48, "T", "DIP", "YGPB4", "", "C", 59.055, 59.055, 35.434, 35.434, 180],
		[74, "EXP2_5", 2400, 412.48, "B", "DIP", "YGPB4", "", "C", 59.055, 59.055, 35.434, 35.434, 180],
		[75, "EXP2_6", 2300, 412.48, "T", "DIP", "YGPB5", "", "C", 59.055, 59.055, 35.434, 35.434, 180],
		[76, "EXP2_6", 2300, 412.48, "B", "DIP", "YGPB5", "", "C", 59.055, 59.055, 35.434, 35.434, 180],
		[77, "EXP2_7", 2200, 412.48, "T", "DIP", "YGPB6", "", "C", 59.055, 59.055, 35.434, 35.434, 180],
		[78, "EXP2_7", 2200, 412.48, "B", "DIP", "YGPB6", "", "C", 59.055, 59.055, 35.434, 35.434, 180],
		[79, "EXP2_8", 2100, 412.48, "T", "DIP", "YGPB7", "", "C", 59.055, 59.055, 35.434, 35.434, 180],
		[80, "EXP2_8", 2100, 412.48, "B", "DIP", "YGPB7", "", "C", 59.055, 59.055, 35.434, 35.434, 180],
		[81, "EXP2_9", 2000, 412.48, "T", "DIP", "VCC", "", "C", 59.055, 59.055, 35.434, 35.434, 180],
		[82, "EXP2_9", 2000, 412.48, "B", "DIP", "VCC", "", "C", 59.055, 59.055, 35.434, 35.434, 180],
		[83, "EXP2_10", 1900, 412.48, "T", "DIP", "GND", "GND", "C", 59.055, 59.055, 35.434, 35.434, 180],
		[84, "EXP2_10", 1900, 412.48, "B", "DIP", "GND", "GND", "C", 59.055, 59.055, 35.434, 35.434, 180],
		[85, "EXP2_11", 1800, 412.48, "T", "DIP", "NET_4", "", "C", 59.055, 59.055, 35.434, 35.434, 180],
		[86, "EXP2_11", 1800, 412.48, "B", "DIP", "NET_4", "", "C", 59.055, 59.055, 35.434, 35.434, 180],
		[87, "EXP2_12", 1700, 412.48, "T", "DIP", "SCL", "", "C", 59.055, 59.055, 35.434, 35.434, 180],
		[88, "EXP2_12", 1700, 412.48, "B", "DIP", "SCL", "", "C", 59.055, 59.055, 35.434, 35.434, 180],
		[89, "EXP2_13", 1600, 412.48, "T", "DIP", "SDA", "", "C", 59.055, 59.055, 35.434, 35.434, 180],
		[90, "EXP2_13", 1600, 412.48, "B", "DIP", "SDA", "", "C", 59.055, 59.055, 35.434, 35.434, 180],
		[91, "EXP2_14", 1500, 412.48, "T", "DIP", "NET_5", "", "C", 59.055, 59.055, 35.434, 35.434, 180],
		[92, "EXP2_14", 1500, 412.48, "B", "DIP", "NET_5", "", "C", 59.055, 59.055, 35.434, 35.434, 180],
		[93, "EXP2_15", 1500, 97.52, "T", "DIP", "GND", "GND", "C", 59.055, 59.055, 35.434, 35.434, 180],
		[94, "EXP2_15", 1500, 97.52, "B", "DIP", "GND", "GND", "C", 59.055, 59.055, 35.434, 35.434, 180],
		[95, "EXP2_16", 1600, 97.52, "T", "DIP", "GND", "GND", "C", 59.055, 59.055, 35.434, 35.434, 180],
		[96, "EXP2_16", 1600, 97.52, "B", "DIP", "GND", "GND", "C", 59.055, 59.055, 35.434, 35.434, 180],
		[97, "EXP2_17", 1700, 97.52, "T", "DIP", "GND", "GND", "C", 59.055, 59.055, 35.434, 35.434, 180],
		[98, "EXP2_17", 1700, 97.52, "B", "DIP", "GND", "GND", "C", 59.055, 59.055, 35.434, 35.434, 180],
		[99, "EXP2_18", 1800, 97.52, "T", "DIP", "VCC", "", "C", 59.055, 59.055, 35.434, 35.434, 180],
		[100, "EXP2_18", 1800, 97.52, "B", "DIP", "VCC", "", "C", 59.055, 59.055, 35.434, 35.434, 180],
		[101, "EXP2_19", 1900, 97.52, "T", "DIP", "NET_6", "", "C", 59.055, 59.055, 35.434, 35.434, 180],
		[102, "EXP2_19", 1900, 97.52, "B", "DIP", "NET_6", "", "C", 59.055, 59.055, 35.434, 35.434, 180],
		[103, "EXP2_20", 2000, 97.52, "T", "DIP", "$1N912", "", "C", 59.055, 59.055, 35.434, 35.434, 180],
		[104, "EXP2_20", 2000, 97.52, "B", "DIP", "$1N912", "", "C", 59.055, 59.055, 35.434, 35.434, 180],
		[105, "EXP2_21", 2100, 97.52, "T", "DIP", "YGPA0", "", "C", 59.055, 59.055, 35.434, 35.434, 180],
		[106, "EXP2_21", 2100, 97.52, "B", "DIP", "YGPA0", "", "C", 59.055, 59.055, 35.434, 35.434, 180],
		[107, "EXP2_22", 2200, 97.52, "T", "DIP", "YGPA1", "", "C", 59.055, 59.055, 35.434, 35.434, 180],
		[108, "EXP2_22", 2200, 97.52, "B", "DIP", "YGPA1", "", "C", 59.055, 59.055, 35.434, 35.434, 180],
		[109, "EXP2_23", 2300, 97.52, "T", "DIP", "YGPA2", "", "C", 59.055, 59.055, 35.434, 35.434, 180],
		[110, "EXP2_23", 2300, 97.52, "B", "DIP", "YGPA2", "", "C", 59.055, 59.055, 35.434, 35.434, 180],
		[111, "EXP2_24", 2400, 97.52, "T", "DIP", "YGPA3", "", "C", 59.055, 59.055, 35.434, 35.434, 180],
		[112, "EXP2_24", 2400, 97.52, "B", "DIP", "YGPA3", "", "C", 59.055, 59.055, 35.434, 35.434, 180],
		[113, "EXP2_25", 2500, 97.52, "T", "DIP", "YGPA4", "", "C", 59.055, 59.055, 35.434, 35.434, 180],
		[114, "EXP2_25", 2500, 97.52, "B", "DIP", "YGPA4", "", "C", 59.055, 59.055, 35.434, 35.434, 180],
		[115, "EXP2_26", 2600, 97.52, "T", "DIP", "YGPA5", "", "C", 59.055, 59.055, 35.434, 35.434, 180],
		[116, "EXP2_26", 2600, 97.52, "B", "DIP", "YGPA5", "", "C", 59.055, 59.055, 35.434, 35.434, 180],
		[117, "EXP2_27", 2700, 97.52, "T", "DIP", "YGPA6", "", "C", 59.055, 59.055, 35.434, 35.434, 180],
		[118, "EXP2_27", 2700, 97.52, "B", "DIP", "YGPA6", "", "C", 59.055, 59.055, 35.434, 35.434, 180],
		[119, "EXP2_28", 2800, 97.52, "T", "DIP", "YGPA7", "", "C", 59.055, 59.055, 35.434, 35.434, 180],
		[120, "EXP2_28", 2800, 97.52, "B", "DIP", "YGPA7", "", "C", 59.055, 59.055, 35.434, 35.434, 180],
		[121, "H1_1", 700, 515, "T", "DIP", "XGPA0", "", "R", 70.866, 70.866, 43.308, 43.308, 180],
		[122, "H1_1", 700, 515, "B", "DIP", "XGPA0", "", "R", 70.866, 70.866, 43.308, 43.308, 180],
		[123, "H1_2", 600, 515, "T", "DIP", "XGPA1", "", "C", 70.866, 70.866, 43.308, 43.308, 180],
		[124, "H1_2", 600, 515, "B", "DIP", "XGPA1", "", "C", 70.866, 70.866, 43.308, 43.308, 180],
		[125, "H1_3", 500, 515, "T", "DIP", "XGPA2", "", "C", 70.866, 70.866, 43.308, 43.308, 180],
		[126, "H1_3", 500, 515, "B", "DIP", "XGPA2", "", "C", 70.866, 70.866, 43.308, 43.308, 180],
		[127, "H1_4", 400, 515, "T", "DIP", "XGPA3", "", "C", 70.866, 70.866, 43.308, 43.308, 180],
		[128, "H1_4", 400, 515, "B", "DIP", "XGPA3", "", "C", 70.866, 70.866, 43.308, 43.308, 180],
		[129, "H1_5", 300, 515, "T", "DIP", "XGPA4", "", "C", 70.866, 70.866, 43.308, 43.308, 180],
		[130, "H1_5", 300, 515, "B", "DIP", "XGPA4", "", "C", 70.866, 70.866, 43.308, 43.308, 180],
		[131, "H1_6", 200, 515, "T", "DIP", "XGPA5", "", "C", 70.866, 70.866, 43.308, 43.308, 180],
		[132, "H1_6", 200, 515, "B", "DIP", "XGPA5", "", "C", 70.866, 70.866, 43.308, 43.308, 180],
		[133, "H1_7", 100, 515, "T", "DIP", "XGPA6", "", "C", 70.866, 70.866, 43.308, 43.308, 180],
		[134, "H1_7", 100, 515, "B", "DIP", "XGPA6", "", "C", 70.866, 70.866, 43.308, 43.308, 180],
		[135, "H1_8", 0, 515, "T", "DIP", "XGPA7", "", "C", 70.866, 70.866, 43.308, 43.308, 180],
		[136, "H1_8", 0, 515, "B", "DIP", "XGPA7", "", "C", 70.866, 70.866, 43.308, 43.308, 180],
		[137, "H2_1", 0, 0, "T", "DIP", "XGPB0", "", "R", 70.866, 70.866, 43.308, 43.308, 0],
		[138, "H2_1", 0, 0, "B", "DIP", "XGPB0", "", "R", 70.866, 70.866, 43.308, 43.308, 0],
		[139, "H2_2", 100, 0, "T", "DIP", "XGPB1", "", "C", 70.866, 70.866, 43.308, 43.308, 0],
		[140, "H2_2", 100, 0, "B", "DIP", "XGPB1", "", "C", 70.866, 70.866, 43.308, 43.308, 0],
		[141, "H2_3", 200, 0, "T", "DIP", "XGPB2", "", "C", 70.866, 70.866, 43.308, 43.308, 0],
		[142, "H2_3", 200, 0, "B", "DIP", "XGPB2", "", "C", 70.866, 70.866, 43.308, 43.308, 0],
		[143, "H2_4", 300, 0, "T", "DIP", "XGPB3", "", "C", 70.866, 70.866, 43.308, 43.308, 0],
		[144, "H2_4", 300, 0, "B", "DIP", "XGPB3", "", "C", 70.866, 70.866, 43.308, 43.308, 0],
		[145, "H2_5", 400, 0, "T", "DIP", "XGPB4", "", "C", 70.866, 70.866, 43.308, 43.308, 0],
		[146, "H2_5", 400, 0, "B", "DIP", "XGPB4", "", "C", 70.866, 70.866, 43.308, 43.308, 0],
		[147, "H2_6", 500, 0, "T", "DIP", "XGPB5", "", "C", 70.866, 70.866, 43.308, 43.308, 0],
		[148, "H2_6", 500, 0, "B", "DIP", "XGPB5", "", "C", 70.866, 70.866, 43.308, 43.308, 0],
		[149, "H2_7", 600, 0, "T", "DIP", "XGPB6", "", "C", 70.866, 70.866, 43.308, 43.308, 0],
		[150, "H2_7", 600, 0, "B", "DIP", "XGPB6", "", "C", 70.866, 70.866, 43.308, 43.308, 0],
		[151, "H2_8", 700, 0, "T", "DIP", "XGPB7", "", "C", 70.866, 70.866, 43.308, 43.308, 0],
		[152, "H2_8", 700, 0, "B", "DIP", "XGPB7", "", "C", 70.866, 70.866, 43.308, 43.308, 0],
		[153, "H3_1", 2800, 515, "T", "DIP", "YGPB0", "", "R", 70.866, 70.866, 43.308, 43.308, 180],
		[154, "H3_1", 2800, 515, "B", "DIP", "YGPB0", "", "R", 70.866, 70.866, 43.308, 43.308, 180],
		[155, "H3_2", 2700, 515, "T", "DIP", "YGPB1", "", "C", 70.866, 70.866, 43.308, 43.308, 180],
		[156, "H3_2", 2700, 515, "B", "DIP", "YGPB1", "", "C", 70.866, 70.866, 43.308, 43.308, 180],
		[157, "H3_3", 2600, 515, "T", "DIP", "YGPB2", "", "C", 70.866, 70.866, 43.308, 43.308, 180],
		[158, "H3_3", 2600, 515, "B", "DIP", "YGPB2", "", "C", 70.866, 70.866, 43.308, 43.308, 180],
		[159, "H3_4", 2500, 515, "T", "DIP", "YGPB3", "", "C", 70.866, 70.866, 43.308, 43.308, 180],
		[160, "H3_4", 2500, 515, "B", "DIP", "YGPB3", "", "C", 70.866, 70.866, 43.308, 43.308, 180],
		[161, "H3_5", 2400, 515, "T", "DIP", "YGPB4", "", "C", 70.866, 70.866, 43.308, 43.308, 180],
		[162, "H3_5", 2400, 515, "B", "DIP", "YGPB4", "", "C", 70.866, 70.866, 43.308, 43.308, 180],
		[163, "H3_6", 2300, 515, "T", "DIP", "YGPB5", "", "C", 70.866, 70.866, 43.308, 43.308, 180],
		[164, "H3_6", 2300, 515, "B", "DIP", "YGPB5", "", "C", 70.866, 70.866, 43.308, 43.308, 180],
		[165, "H3_7", 2200, 515, "T", "DIP", "YGPB6", "", "C", 70.866, 70.866, 43.308, 43.308, 180],
		[166, "H3_7", 2200, 515, "B", "DIP", "YGPB6", "", "C", 70.866, 70.866, 43.308, 43.308, 180],
		[167, "H3_8", 2100, 515, "T", "DIP", "YGPB7", "", "C", 70.866, 70.866, 43.308, 43.308, 180],
		[168, "H3_8", 2100, 515, "B", "DIP", "YGPB7", "", "C", 70.866, 70.866, 43.308, 43.308, 180],
		[169, "H4_1", 2100, 0, "T", "DIP", "YGPA0", "", "R", 70.866, 70.866, 43.308, 43.308, 0],
		[170, "H4_1", 2100, 0, "B", "DIP", "YGPA0", "", "R", 70.866, 70.866, 43.308, 43.308, 0],
		[171, "H4_2", 2200, 0, "T", "DIP", "YGPA1", "", "C", 70.866, 70.866, 43.308, 43.308, 0],
		[172, "H4_2", 2200, 0, "B", "DIP", "YGPA1", "", "C", 70.866, 70.866, 43.308, 43.308, 0],
		[173, "H4_3", 2300, 0, "T", "DIP", "YGPA2", "", "C", 70.866, 70.866, 43.308, 43.308, 0],
		[174, "H4_3", 2300, 0, "B", "DIP", "YGPA2", "", "C", 70.866, 70.866, 43.308, 43.308, 0],
		[175, "H4_4", 2400, 0, "T", "DIP", "YGPA3", "", "C", 70.866, 70.866, 43.308, 43.308, 0],
		[176, "H4_4", 2400, 0, "B", "DIP", "YGPA3", "", "C", 70.866, 70.866, 43.308, 43.308, 0],
		[177, "H4_5", 2500, 0, "T", "DIP", "YGPA4", "", "C", 70.866, 70.866, 43.308, 43.308, 0],
		[178, "H4_5", 2500, 0, "B", "DIP", "YGPA4", "", "C", 70.866, 70.866, 43.308, 43.308, 0],
		[179, "H4_6", 2600, 0, "T", "DIP", "YGPA5", "", "C", 70.866, 70.866, 43.308, 43.308, 0],
		[180, "H4_6", 2600, 0, "B", "DIP", "YGPA5", "", "C", 70.866, 70.866, 43.308, 43.308, 0],
		[181, "H4_7", 2700, 0, "T", "DIP", "YGPA6", "", "C", 70.866, 70.866, 43.308, 43.308, 0],
		[182, "H4_7", 2700, 0, "B", "DIP", "YGPA6", "", "C", 70.866, 70.866, 43.308, 43.308, 0],
		[183, "H4_8", 2800, 0, "T", "DIP", "YGPA7", "", "C", 70.866, 70.866, 43.308, 43.308, 0],
		[184, "H4_8", 2800, 0, "B", "DIP", "YGPA7", "", "C", 70.866, 70.866, 43.308, 43.308, 0],
		[185, "H5_1", 900, 0, "T", "DIP", "VCC", "", "R", 70.866, 70.866, 43.308, 43.308, 0],
		[186, "H5_1", 900, 0, "B", "DIP", "VCC", "", "R", 70.866, 70.866, 43.308, 43.308, 0],
		[187, "H5_2", 1000, 0, "T", "DIP", "VCC", "", "C", 70.866, 70.866, 43.308, 43.308, 0],
		[188, "H5_2", 1000, 0, "B", "DIP", "VCC", "", "C", 70.866, 70.866, 43.308, 43.308, 0],
		[189, "H5_3", 1100, 0, "T", "DIP", "SCL", "", "C", 70.866, 70.866, 43.308, 43.308, 0],
		[190, "H5_3", 1100, 0, "B", "DIP", "SCL", "", "C", 70.866, 70.866, 43.308, 43.308, 0],
		[191, "H5_4", 1200, 0, "T", "DIP", "SDA", "", "C", 70.866, 70.866, 43.308, 43.308, 0],
		[192, "H5_4", 1200, 0, "B", "DIP", "SDA", "", "C", 70.866, 70.866, 43.308, 43.308, 0],
		[193, "H5_5", 1300, 0, "T", "DIP", "GND", "GND", "C", 70.866, 70.866, 43.308, 43.308, 0],
		[194, "H5_5", 1300, 0, "B", "DIP", "GND", "GND", "C", 70.866, 70.866, 43.308, 43.308, 0],
		[195, "H5_6", 1400, 0, "T", "DIP", "GND", "GND", "C", 70.866, 70.866, 43.308, 43.308, 0],
		[196, "H5_6", 1400, 0, "B", "DIP", "GND", "GND", "C", 70.866, 70.866, 43.308, 43.308, 0],
		[197, "H5_7", 1500, 0, "T", "DIP", "GND", "GND", "C", 70.866, 70.866, 43.308, 43.308, 0],
		[198, "H5_7", 1500, 0, "B", "DIP", "GND", "GND", "C", 70.866, 70.866, 43.308, 43.308, 0],
		[199, "H5_8", 1600, 0, "T", "DIP", "WAKEUP", "", "C", 70.866, 70.866, 43.308, 43.308, 0],
		[200, "H5_8", 1600, 0, "B", "DIP", "WAKEUP", "", "C", 70.866, 70.866, 43.308, 43.308, 0],
		[201, "H6_1", 1900, 515, "T", "DIP", "VCC", "", "R", 70.866, 70.866, 43.308, 43.308, 180],
		[202, "H6_1", 1900, 515, "B", "DIP", "VCC", "", "R", 70.866, 70.866, 43.308, 43.308, 180],
		[203, "H6_2", 1800, 515, "T", "DIP", "VCC", "", "C", 70.866, 70.866, 43.308, 43.308, 180],
		[204, "H6_2", 1800, 515, "B", "DIP", "VCC", "", "C", 70.866, 70.866, 43.308, 43.308, 180],
		[205, "H6_3", 1700, 515, "T", "DIP", "SCL", "", "C", 70.866, 70.866, 43.308, 43.308, 180],
		[206, "H6_3", 1700, 515, "B", "DIP", "SCL", "", "C", 70.866, 70.866, 43.308, 43.308, 180],
		[207, "H6_4", 1600, 515, "T", "DIP", "SDA", "", "C", 70.866, 70.866, 43.308, 43.308, 180],
		[208, "H6_4", 1600, 515, "B", "DIP", "SDA", "", "C", 70.866, 70.866, 43.308, 43.308, 180],
		[209, "H6_5", 1500, 515, "T", "DIP", "GND", "GND", "C", 70.866, 70.866, 43.308, 43.308, 180],
		[210, "H6_5", 1500, 515, "B", "DIP", "GND", "GND", "C", 70.866, 70.866, 43.308, 43.308, 180],
		[211, "H6_6", 1400, 515, "T", "DIP", "GND", "GND", "C", 70.866, 70.866, 43.308, 43.308, 180],
		[212, "H6_6", 1400, 515, "B", "DIP", "GND", "GND", "C", 70.866, 70.866, 43.308, 43.308, 180],
		[213, "H6_7", 1300, 515, "T", "DIP", "GND", "GND", "C", 70.866, 70.866, 43.308, 43.308, 180],
		[214, "H6_7", 1300, 515, "B", "DIP", "GND", "GND", "C", 70.866, 70.866, 43.308, 43.308, 180],
		[215, "H6_8", 1200, 515, "T", "DIP", "WAKEUP", "", "C", 70.866, 70.866, 43.308, 43.308, 180],
		[216, "H6_8", 1200, 515, "B", "DIP", "WAKEUP", "", "C", 70.866, 70.866, 43.308, 43.308, 180],
		[217, "SCREW1_1", -140, 255, "T", "DIP", "NET_7", "", "C", 78.7402, 78.7402, 78.7402, 78.7402, 0],
		[218, "SCREW1_1", -140, 255, "B", "DIP", "NET_7", "", "C", 78.7402, 78.7402, 78.7402, 78.7402, 0],
		[219, "SCREW2_1", 2940, 255, "T", "DIP", "NET_8", "", "C", 78.7402, 78.7402, 78.7402, 78.7402, 0],
		[220, "SCREW2_1", 2940, 255, "B", "DIP", "NET_8", "", "C", 78.7402, 78.7402, 78.7402, 78.7402, 0],
		[221, "PAD1_2", 802.52, 515, "T", "DIP", "$1N406", "", "C", 55.118, 55.118, 31.496, 31.496, 180],
		[222, "PAD1_2", 802.52, 515, "B", "DIP", "$1N406", "", "C", 55.118, 55.118, 31.496, 31.496, 180],
		[223, "PAD2_1", 1117.48, 515, "T", "DIP", "WAKEUP", "", "C", 55.118, 55.118, 31.496, 31.496, 180],
		[224, "PAD2_1", 1117.48, 515, "B", "DIP", "WAKEUP", "", "C", 55.118, 55.118, 31.496, 31.496, 180],
		[225, "PAD3_2", 1997.48, 0, "T", "DIP", "$1N912", "", "C", 55.118, 55.118, 31.496, 31.496, 0],
		[226, "PAD3_2", 1997.48, 0, "B", "DIP", "$1N912", "", "C", 55.118, 55.118, 31.496, 31.496, 0],
		[227, "PAD4_1", 1682.52, 0, "T", "DIP", "WAKEUP", "", "C", 55.118, 55.118, 31.496, 31.496, 0],
		[228, "PAD4_1", 1682.52, 0, "B", "DIP", "WAKEUP", "", "C", 55.118, 55.118, 31.496, 31.496, 0],
		[229, "PAD5_1", 0, 100, "T", "DIP", "XGPB0", "", "R", 59.055, 59.055, 35.434, 35.434, 0],
		[230, "PAD5_1", 0, 100, "B", "DIP", "XGPB0", "", "R", 59.055, 59.055, 35.434, 35.434, 0],
		[231, "PAD6_2", 100, 100, "T", "DIP", "XGPB1", "", "C", 59.055, 59.055, 35.434, 35.434, 0],
		[232, "PAD6_2", 100, 100, "B", "DIP", "XGPB1", "", "C", 59.055, 59.055, 35.434, 35.434, 0],
		[233, "PAD7_3", 200, 100, "T", "DIP", "XGPB2", "", "C", 59.055, 59.055, 35.434, 35.434, 0],
		[234, "PAD7_3", 200, 100, "B", "DIP", "XGPB2", "", "C", 59.055, 59.055, 35.434, 35.434, 0],
		[235, "PAD8_4", 300, 100, "T", "DIP", "XGPB3", "", "C", 59.055, 59.055, 35.434, 35.434, 0],
		[236, "PAD8_4", 300, 100, "B", "DIP", "XGPB3", "", "C", 59.055, 59.055, 35.434, 35.434, 0],
		[237, "PAD9_5", 400, 100, "T", "DIP", "XGPB4", "", "C", 59.055, 59.055, 35.434, 35.434, 0],
		[238, "PAD9_5", 400, 100, "B", "DIP", "XGPB4", "", "C", 59.055, 59.055, 35.434, 35.434, 0],
		[239, "PAD10_6", 500, 100, "T", "DIP", "XGPB5", "", "C", 59.055, 59.055, 35.434, 35.434, 0],
		[240, "PAD10_6", 500, 100, "B", "DIP", "XGPB5", "", "C", 59.055, 59.055, 35.434, 35.434, 0],
		[241, "PAD11_7", 600, 100, "T", "DIP", "XGPB6", "", "C", 59.055, 59.055, 35.434, 35.434, 0],
		[242, "PAD11_7", 600, 100, "B", "DIP", "XGPB6", "", "C", 59.055, 59.055, 35.434, 35.434, 0],
		[243, "PAD12_8", 700, 100, "T", "DIP", "XGPB7", "", "C", 59.055, 59.055, 35.434, 35.434, 0],
		[244, "PAD12_8", 700, 100, "B", "DIP", "XGPB7", "", "C", 59.055, 59.055, 35.434, 35.434, 0],
		[245, "PAD13_9", 800, 100, "T", "DIP", "VCC", "", "C", 59.055, 59.055, 35.434, 35.434, 0],
		[246, "PAD13_9", 800, 100, "B", "DIP", "VCC", "", "C", 59.055, 59.055, 35.434, 35.434, 0],
		[247, "PAD14_10", 900, 100, "T", "DIP", "GND", "GND", "C", 59.055, 59.055, 35.434, 35.434, 0],
		[248, "PAD14_10", 900, 100, "B", "DIP", "GND", "GND", "C", 59.055, 59.055, 35.434, 35.434, 0],
		[249, "PAD15_12", 1100, 100, "T", "DIP", "SCL", "", "C", 59.055, 59.055, 35.434, 35.434, 0],
		[250, "PAD15_12", 1100, 100, "B", "DIP", "SCL", "", "C", 59.055, 59.055, 35.434, 35.434, 0],
		[251, "PAD16_13", 1200, 100, "T", "DIP", "SDA", "", "C", 59.055, 59.055, 35.434, 35.434, 0],
		[252, "PAD16_13", 1200, 100, "B", "DIP", "SDA", "", "C", 59.055, 59.055, 35.434, 35.434, 0],
		[253, "PAD17_28", 0, 414.96, "T", "DIP", "XGPA7", "", "C", 59.055, 59.055, 35.434, 35.434, 0],
		[254, "PAD17_28", 0, 414.96, "B", "DIP", "XGPA7", "", "C", 59.055, 59.055, 35.434, 35.434, 0],
		[255, "PAD18_27", 100, 414.96, "T", "DIP", "XGPA6", "", "C", 59.055, 59.055, 35.434, 35.434, 0],
		[256, "PAD18_27", 100, 414.96, "B", "DIP", "XGPA6", "", "C", 59.055, 59.055, 35.434, 35.434, 0],
		[257, "PAD19_26", 200, 414.96, "T", "DIP", "XGPA5", "", "C", 59.055, 59.055, 35.434, 35.434, 0],
		[258, "PAD19_26", 200, 414.96, "B", "DIP", "XGPA5", "", "C", 59.055, 59.055, 35.434, 35.434, 0],
		[259, "PAD20_25", 300, 414.96, "T", "DIP", "XGPA4", "", "C", 59.055, 59.055, 35.434, 35.434, 0],
		[260, "PAD20_25", 300, 414.96, "B", "DIP", "XGPA4", "", "C", 59.055, 59.055, 35.434, 35.434, 0],
		[261, "PAD21_24", 400, 414.96, "T", "DIP", "XGPA3", "", "C", 59.055, 59.055, 35.434, 35.434, 0],
		[262, "PAD21_24", 400, 414.96, "B", "DIP", "XGPA3", "", "C", 59.055, 59.055, 35.434, 35.434, 0],
		[263, "PAD22_23", 500, 414.96, "T", "DIP", "XGPA2", "", "C", 59.055, 59.055, 35.434, 35.434, 0],
		[264, "PAD22_23", 500, 414.96, "B", "DIP", "XGPA2", "", "C", 59.055, 59.055, 35.434, 35.434, 0],
		[265, "PAD23_22", 600, 414.96, "T", "DIP", "XGPA1", "", "C", 59.055, 59.055, 35.434, 35.434, 0],
		[266, "PAD23_22", 600, 414.96, "B", "DIP", "XGPA1", "", "C", 59.055, 59.055, 35.434, 35.434, 0],
		[267, "PAD24_21", 700, 414.96, "T", "DIP", "XGPA0", "", "C", 59.055, 59.055, 35.434, 35.434, 0],
		[268, "PAD24_21", 700, 414.96, "B", "DIP", "XGPA0", "", "C", 59.055, 59.055, 35.434, 35.434, 0],
		[269, "PAD25_20", 800, 414.96, "T", "DIP", "$1N406", "", "C", 59.055, 59.055, 35.434, 35.434, 0],
		[270, "PAD25_20", 800, 414.96, "B", "DIP", "$1N406", "", "C", 59.055, 59.055, 35.434, 35.434, 0],
		[271, "PAD26_18", 1000, 414.96, "T", "DIP", "VCC", "", "C", 59.055, 59.055, 35.434, 35.434, 0],
		[272, "PAD26_18", 1000, 414.96, "B", "DIP", "VCC", "", "C", 59.055, 59.055, 35.434, 35.434, 0],
		[273, "PAD27_17", 1100, 414.96, "T", "DIP", "VCC", "", "C", 59.055, 59.055, 35.434, 35.434, 0],
		[274, "PAD27_17", 1100, 414.96, "B", "DIP", "VCC", "", "C", 59.055, 59.055, 35.434, 35.434, 0],
		[275, "PAD28_16", 1200, 414.96, "T", "DIP", "VCC", "", "C", 59.055, 59.055, 35.434, 35.434, 0],
		[276, "PAD28_16", 1200, 414.96, "B", "DIP", "VCC", "", "C", 59.055, 59.055, 35.434, 35.434, 0],
		[277, "PAD29_15", 1300, 414.96, "T", "DIP", "VCC", "", "C", 59.055, 59.055, 35.434, 35.434, 0],
		[278, "PAD29_15", 1300, 414.96, "B", "DIP", "VCC", "", "C", 59.055, 59.055, 35.434, 35.434, 0],
		[279, "PAD30_1", 2800, 412.48, "T", "DIP", "YGPB0", "", "R", 59.055, 59.055, 35.434, 35.434, 180],
		[280, "PAD30_1", 2800, 412.48, "B", "DIP", "YGPB0", "", "R", 59.055, 59.055, 35.434, 35.434, 180],
		[281, "PAD31_2", 2700, 412.48, "T", "DIP", "YGPB1", "", "C", 59.055, 59.055, 35.434, 35.434, 180],
		[282, "PAD31_2", 2700, 412.48, "B", "DIP", "YGPB1", "", "C", 59.055, 59.055, 35.434, 35.434, 180],
		[283, "PAD32_3", 2600, 412.48, "T", "DIP", "YGPB2", "", "C", 59.055, 59.055, 35.434, 35.434, 180],
		[284, "PAD32_3", 2600, 412.48, "B", "DIP", "YGPB2", "", "C", 59.055, 59.055, 35.434, 35.434, 180],
		[285, "PAD33_4", 2500, 412.48, "T", "DIP", "YGPB3", "", "C", 59.055, 59.055, 35.434, 35.434, 180],
		[286, "PAD33_4", 2500, 412.48, "B", "DIP", "YGPB3", "", "C", 59.055, 59.055, 35.434, 35.434, 180],
		[287, "PAD34_5", 2400, 412.48, "T", "DIP", "YGPB4", "", "C", 59.055, 59.055, 35.434, 35.434, 180],
		[288, "PAD34_5", 2400, 412.48, "B", "DIP", "YGPB4", "", "C", 59.055, 59.055, 35.434, 35.434, 180],
		[289, "PAD35_6", 2300, 412.48, "T", "DIP", "YGPB5", "", "C", 59.055, 59.055, 35.434, 35.434, 180],
		[290, "PAD35_6", 2300, 412.48, "B", "DIP", "YGPB5", "", "C", 59.055, 59.055, 35.434, 35.434, 180],
		[291, "PAD36_7", 2200, 412.48, "T", "DIP", "YGPB6", "", "C", 59.055, 59.055, 35.434, 35.434, 180],
		[292, "PAD36_7", 2200, 412.48, "B", "DIP", "YGPB6", "", "C", 59.055, 59.055, 35.434, 35.434, 180],
		[293, "PAD37_8", 2100, 412.48, "T", "DIP", "YGPB7", "", "C", 59.055, 59.055, 35.434, 35.434, 180],
		[294, "PAD37_8", 2100, 412.48, "B", "DIP", "YGPB7", "", "C", 59.055, 59.055, 35.434, 35.434, 180],
		[295, "PAD38_9", 2000, 412.48, "T", "DIP", "VCC", "", "C", 59.055, 59.055, 35.434, 35.434, 180],
		[296, "PAD38_9", 2000, 412.48, "B", "DIP", "VCC", "", "C", 59.055, 59.055, 35.434, 35.434, 180],
		[297, "PAD39_10", 1900, 412.48, "T", "DIP", "GND", "GND", "C", 59.055, 59.055, 35.434, 35.434, 180],
		[298, "PAD39_10", 1900, 412.48, "B", "DIP", "GND", "GND", "C", 59.055, 59.055, 35.434, 35.434, 180],
		[299, "PAD40_12", 1700, 412.48, "T", "DIP", "SCL", "", "C", 59.055, 59.055, 35.434, 35.434, 180],
		[300, "PAD40_12", 1700, 412.48, "B", "DIP", "SCL", "", "C", 59.055, 59.055, 35.434, 35.434, 180],
		[301, "PAD41_13", 1600, 412.48, "T", "DIP", "SDA", "", "C", 59.055, 59.055, 35.434, 35.434, 180],
		[302, "PAD41_13", 1600, 412.48, "B", "DIP", "SDA", "", "C", 59.055, 59.055, 35.434, 35.434, 180],
		[303, "PAD42_28", 2800, 97.52, "T", "DIP", "YGPA7", "", "C", 59.055, 59.055, 35.434, 35.434, 180],
		[304, "PAD42_28", 2800, 97.52, "B", "DIP", "YGPA7", "", "C", 59.055, 59.055, 35.434, 35.434, 180],
		[305, "PAD43_27", 2700, 97.52, "T", "DIP", "YGPA6", "", "C", 59.055, 59.055, 35.434, 35.434, 180],
		[306, "PAD43_27", 2700, 97.52, "B", "DIP", "YGPA6", "", "C", 59.055, 59.055, 35.434, 35.434, 180],
		[307, "PAD44_26", 2600, 97.52, "T", "DIP", "YGPA5", "", "C", 59.055, 59.055, 35.434, 35.434, 180],
		[308, "PAD44_26", 2600, 97.52, "B", "DIP", "YGPA5", "", "C", 59.055, 59.055, 35.434, 35.434, 180],
		[309, "PAD45_25", 2500, 97.52, "T", "DIP", "YGPA4", "", "C", 59.055, 59.055, 35.434, 35.434, 180],
		[310, "PAD45_25", 2500, 97.52, "B", "DIP", "YGPA4", "", "C", 59.055, 59.055, 35.434, 35.434, 180],
		[311, "PAD46_24", 2400, 97.52, "T", "DIP", "YGPA3", "", "C", 59.055, 59.055, 35.434, 35.434, 180],
		[312, "PAD46_24", 2400, 97.52, "B", "DIP", "YGPA3", "", "C", 59.055, 59.055, 35.434, 35.434, 180],
		[313, "PAD47_23", 2300, 97.52, "T", "DIP", "YGPA2", "", "C", 59.055, 59.055, 35.434, 35.434, 180],
		[314, "PAD47_23", 2300, 97.52, "B", "DIP", "YGPA2", "", "C", 59.055, 59.055, 35.434, 35.434, 180],
		[315, "PAD48_22", 2200, 97.52, "T", "DIP", "YGPA1", "", "C", 59.055, 59.055, 35.434, 35.434, 180],
		[316, "PAD48_22", 2200, 97.52, "B", "DIP", "YGPA1", "", "C", 59.055, 59.055, 35.434, 35.434, 180],
		[317, "PAD49_21", 2100, 97.52, "T", "DIP", "YGPA0", "", "C", 59.055, 59.055, 35.434, 35.434, 180],
		[318, "PAD49_21", 2100, 97.52, "B", "DIP", "YGPA0", "", "C", 59.055, 59.055, 35.434, 35.434, 180],
		[319, "PAD50_20", 2000, 97.52, "T", "DIP", "$1N912", "", "C", 59.055, 59.055, 35.434, 35.434, 180],
		[320, "PAD50_20", 2000, 97.52, "B", "DIP", "$1N912", "", "C", 59.055, 59.055, 35.434, 35.434, 180],
		[321, "PAD51_18", 1800, 97.52, "T", "DIP", "VCC", "", "C", 59.055, 59.055, 35.434, 35.434, 180],
		[322, "PAD51_18", 1800, 97.52, "B", "DIP", "VCC", "", "C", 59.055, 59.055, 35.434, 35.434, 180],
		[323, "PAD52_17", 1700, 97.52, "T", "DIP", "GND", "GND", "C", 59.055, 59.055, 35.434, 35.434, 180],
		[324, "PAD52_17", 1700, 97.52, "B", "DIP", "GND", "GND", "C", 59.055, 59.055, 35.434, 35.434, 180],
		[325, "PAD53_16", 1600, 97.52, "T", "DIP", "GND", "GND", "C", 59.055, 59.055, 35.434, 35.434, 180],
		[326, "PAD53_16", 1600, 97.52, "B", "DIP", "GND", "GND", "C", 59.055, 59.055, 35.434, 35.434, 180],
		[327, "PAD54_15", 1500, 97.52, "T", "DIP", "GND", "GND", "C", 59.055, 59.055, 35.434, 35.434, 180],
		[328, "PAD54_15", 1500, 97.52, "B", "DIP", "GND", "GND", "C", 59.055, 59.055, 35.434, 35.434, 180],
		[329, "PAD55_1", 700, 515, "T", "DIP", "XGPA0", "", "R", 70.866, 70.866, 43.308, 43.308, 180],
		[330, "PAD55_1", 700, 515, "B", "DIP", "XGPA0", "", "R", 70.866, 70.866, 43.308, 43.308, 180],
		[331, "PAD56_2", 600, 515, "T", "DIP", "XGPA1", "", "C", 70.866, 70.866, 43.308, 43.308, 180],
		[332, "PAD56_2", 600, 515, "B", "DIP", "XGPA1", "", "C", 70.866, 70.866, 43.308, 43.308, 180],
		[333, "PAD57_3", 500, 515, "T", "DIP", "XGPA2", "", "C", 70.866, 70.866, 43.308, 43.308, 180],
		[334, "PAD57_3", 500, 515, "B", "DIP", "XGPA2", "", "C", 70.866, 70.866, 43.308, 43.308, 180],
		[335, "PAD58_4", 400, 515, "T", "DIP", "XGPA3", "", "C", 70.866, 70.866, 43.308, 43.308, 180],
		[336, "PAD58_4", 400, 515, "B", "DIP", "XGPA3", "", "C", 70.866, 70.866, 43.308, 43.308, 180],
		[337, "PAD59_5", 300, 515, "T", "DIP", "XGPA4", "", "C", 70.866, 70.866, 43.308, 43.308, 180],
		[338, "PAD59_5", 300, 515, "B", "DIP", "XGPA4", "", "C", 70.866, 70.866, 43.308, 43.308, 180],
		[339, "PAD60_6", 200, 515, "T", "DIP", "XGPA5", "", "C", 70.866, 70.866, 43.308, 43.308, 180],
		[340, "PAD60_6", 200, 515, "B", "DIP", "XGPA5", "", "C", 70.866, 70.866, 43.308, 43.308, 180],
		[341, "PAD61_7", 100, 515, "T", "DIP", "XGPA6", "", "C", 70.866, 70.866, 43.308, 43.308, 180],
		[342, "PAD61_7", 100, 515, "B", "DIP", "XGPA6", "", "C", 70.866, 70.866, 43.308, 43.308, 180],
		[343, "PAD62_8", 0, 515, "T", "DIP", "XGPA7", "", "C", 70.866, 70.866, 43.308, 43.308, 180],
		[344, "PAD62_8", 0, 515, "B", "DIP", "XGPA7", "", "C", 70.866, 70.866, 43.308, 43.308, 180],
		[345, "PAD63_1", 0, 0, "T", "DIP", "XGPB0", "", "R", 70.866, 70.866, 43.308, 43.308, 0],
		[346, "PAD63_1", 0, 0, "B", "DIP", "XGPB0", "", "R", 70.866, 70.866, 43.308, 43.308, 0],
		[347, "PAD64_2", 100, 0, "T", "DIP", "XGPB1", "", "C", 70.866, 70.866, 43.308, 43.308, 0],
		[348, "PAD64_2", 100, 0, "B", "DIP", "XGPB1", "", "C", 70.866, 70.866, 43.308, 43.308, 0],
		[349, "PAD65_3", 200, 0, "T", "DIP", "XGPB2", "", "C", 70.866, 70.866, 43.308, 43.308, 0],
		[350, "PAD65_3", 200, 0, "B", "DIP", "XGPB2", "", "C", 70.866, 70.866, 43.308, 43.308, 0],
		[351, "PAD66_4", 300, 0, "T", "DIP", "XGPB3", "", "C", 70.866, 70.866, 43.308, 43.308, 0],
		[352, "PAD66_4", 300, 0, "B", "DIP", "XGPB3", "", "C", 70.866, 70.866, 43.308, 43.308, 0],
		[353, "PAD67_5", 400, 0, "T", "DIP", "XGPB4", "", "C", 70.866, 70.866, 43.308, 43.308, 0],
		[354, "PAD67_5", 400, 0, "B", "DIP", "XGPB4", "", "C", 70.866, 70.866, 43.308, 43.308, 0],
		[355, "PAD68_6", 500, 0, "T", "DIP", "XGPB5", "", "C", 70.866, 70.866, 43.308, 43.308, 0],
		[356, "PAD68_6", 500, 0, "B", "DIP", "XGPB5", "", "C", 70.866, 70.866, 43.308, 43.308, 0],
		[357, "PAD69_7", 600, 0, "T", "DIP", "XGPB6", "", "C", 70.866, 70.866, 43.308, 43.308, 0],
		[358, "PAD69_7", 600, 0, "B", "DIP", "XGPB6", "", "C", 70.866, 70.866, 43.308, 43.308, 0],
		[359, "PAD70_8", 700, 0, "T", "DIP", "XGPB7", "", "C", 70.866, 70.866, 43.308, 43.308, 0],
		[360, "PAD70_8", 700, 0, "B", "DIP", "XGPB7", "", "C", 70.866, 70.866, 43.308, 43.308, 0],
		[361, "PAD71_1", 2800, 515, "T", "DIP", "YGPB0", "", "R", 70.866, 70.866, 43.308, 43.308, 180],
		[362, "PAD71_1", 2800, 515, "B", "DIP", "YGPB0", "", "R", 70.866, 70.866, 43.308, 43.308, 180],
		[363, "PAD72_2", 2700, 515, "T", "DIP", "YGPB1", "", "C", 70.866, 70.866, 43.308, 43.308, 180],
		[364, "PAD72_2", 2700, 515, "B", "DIP", "YGPB1", "", "C", 70.866, 70.866, 43.308, 43.308, 180],
		[365, "PAD73_3", 2600, 515, "T", "DIP", "YGPB2", "", "C", 70.866, 70.866, 43.308, 43.308, 180],
		[366, "PAD73_3", 2600, 515, "B", "DIP", "YGPB2", "", "C", 70.866, 70.866, 43.308, 43.308, 180],
		[367, "PAD74_4", 2500, 515, "T", "DIP", "YGPB3", "", "C", 70.866, 70.866, 43.308, 43.308, 180],
		[368, "PAD74_4", 2500, 515, "B", "DIP", "YGPB3", "", "C", 70.866, 70.866, 43.308, 43.308, 180],
		[369, "PAD75_5", 2400, 515, "T", "DIP", "YGPB4", "", "C", 70.866, 70.866, 43.308, 43.308, 180],
		[370, "PAD75_5", 2400, 515, "B", "DIP", "YGPB4", "", "C", 70.866, 70.866, 43.308, 43.308, 180],
		[371, "PAD76_6", 2300, 515, "T", "DIP", "YGPB5", "", "C", 70.866, 70.866, 43.308, 43.308, 180],
		[372, "PAD76_6", 2300, 515, "B", "DIP", "YGPB5", "", "C", 70.866, 70.866, 43.308, 43.308, 180],
		[373, "PAD77_7", 2200, 515, "T", "DIP", "YGPB6", "", "C", 70.866, 70.866, 43.308, 43.308, 180],
		[374, "PAD77_7", 2200, 515, "B", "DIP", "YGPB6", "", "C", 70.866, 70.866, 43.308, 43.308, 180],
		[375, "PAD78_8", 2100, 515, "T", "DIP", "YGPB7", "", "C", 70.866, 70.866, 43.308, 43.308, 180],
		[376, "PAD78_8", 2100, 515, "B", "DIP", "YGPB7", "", "C", 70.866, 70.866, 43.308, 43.308, 180],
		[377, "PAD79_1", 2100, 0, "T", "DIP", "YGPA0", "", "R", 70.866, 70.866, 43.308, 43.308, 0],
		[378, "PAD79_1", 2100, 0, "B", "DIP", "YGPA0", "", "R", 70.866, 70.866, 43.308, 43.308, 0],
		[379, "PAD80_2", 2200, 0, "T", "DIP", "YGPA1", "", "C", 70.866, 70.866, 43.308, 43.308, 0],
		[380, "PAD80_2", 2200, 0, "B", "DIP", "YGPA1", "", "C", 70.866, 70.866, 43.308, 43.308, 0],
		[381, "PAD81_3", 2300, 0, "T", "DIP", "YGPA2", "", "C", 70.866, 70.866, 43.308, 43.308, 0],
		[382, "PAD81_3", 2300, 0, "B", "DIP", "YGPA2", "", "C", 70.866, 70.866, 43.308, 43.308, 0],
		[383, "PAD82_4", 2400, 0, "T", "DIP", "YGPA3", "", "C", 70.866, 70.866, 43.308, 43.308, 0],
		[384, "PAD82_4", 2400, 0, "B", "DIP", "YGPA3", "", "C", 70.866, 70.866, 43.308, 43.308, 0],
		[385, "PAD83_5", 2500, 0, "T", "DIP", "YGPA4", "", "C", 70.866, 70.866, 43.308, 43.308, 0],
		[386, "PAD83_5", 2500, 0, "B", "DIP", "YGPA4", "", "C", 70.866, 70.866, 43.308, 43.308, 0],
		[387, "PAD84_6", 2600, 0, "T", "DIP", "YGPA5", "", "C", 70.866, 70.866, 43.308, 43.308, 0],
		[388, "PAD84_6", 2600, 0, "B", "DIP", "YGPA5", "", "C", 70.866, 70.866, 43.308, 43.308, 0],
		[389, "PAD85_7", 2700, 0, "T", "DIP", "YGPA6", "", "C", 70.866, 70.866, 43.308, 43.308, 0],
		[390, "PAD85_7", 2700, 0, "B", "DIP", "YGPA6", "", "C", 70.866, 70.866, 43.308, 43.308, 0],
		[391, "PAD86_8", 2800, 0, "T", "DIP", "YGPA7", "", "C", 70.866, 70.866, 43.308, 43.308, 0],
		[392, "PAD86_8", 2800, 0, "B", "DIP", "YGPA7", "", "C", 70.866, 70.866, 43.308, 43.308, 0],
		[393, "PAD87_1", 900, 0, "T", "DIP", "VCC", "", "R", 70.866, 70.866, 43.308, 43.308, 0],
		[394, "PAD87_1", 900, 0, "B", "DIP", "VCC", "", "R", 70.866, 70.866, 43.308, 43.308, 0],
		[395, "PAD88_2", 1000, 0, "T", "DIP", "VCC", "", "C", 70.866, 70.866, 43.308, 43.308, 0],
		[396, "PAD88_2", 1000, 0, "B", "DIP", "VCC", "", "C", 70.866, 70.866, 43.308, 43.308, 0],
		[397, "PAD89_3", 1100, 0, "T", "DIP", "SCL", "", "C", 70.866, 70.866, 43.308, 43.308, 0],
		[398, "PAD89_3", 1100, 0, "B", "DIP", "SCL", "", "C", 70.866, 70.866, 43.308, 43.308, 0],
		[399, "PAD90_4", 1200, 0, "T", "DIP", "SDA", "", "C", 70.866, 70.866, 43.308, 43.308, 0],
		[400, "PAD90_4", 1200, 0, "B", "DIP", "SDA", "", "C", 70.866, 70.866, 43.308, 43.308, 0],
		[401, "PAD91_5", 1300, 0, "T", "DIP", "GND", "GND", "C", 70.866, 70.866, 43.308, 43.308, 0],
		[402, "PAD91_5", 1300, 0, "B", "DIP", "GND", "GND", "C", 70.866, 70.866, 43.308, 43.308, 0],
		[403, "PAD92_6", 1400, 0, "T", "DIP", "GND", "GND", "C", 70.866, 70.866, 43.308, 43.308, 0],
		[404, "PAD92_6", 1400, 0, "B", "DIP", "GND", "GND", "C", 70.866, 70.866, 43.308, 43.308, 0],
		[405, "PAD93_7", 1500, 0, "T", "DIP", "GND", "GND", "C", 70.866, 70.866, 43.308, 43.308, 0],
		[406, "PAD93_7", 1500, 0, "B", "DIP", "GND", "GND", "C", 70.866, 70.866, 43.308, 43.308, 0],
		[407, "PAD94_8", 1600, 0, "T", "DIP", "WAKEUP", "", "C", 70.866, 70.866, 43.308, 43.308, 0],
		[408, "PAD94_8", 1600, 0, "B", "DIP", "WAKEUP", "", "C", 70.866, 70.866, 43.308, 43.308, 0],
		[409, "PAD95_1", 1900, 515, "T", "DIP", "VCC", "", "R", 70.866, 70.866, 43.308, 43.308, 180],
		[410, "PAD95_1", 1900, 515, "B", "DIP", "VCC", "", "R", 70.866, 70.866, 43.308, 43.308, 180],
		[411, "PAD96_2", 1800, 515, "T", "DIP", "VCC", "", "C", 70.866, 70.866, 43.308, 43.308, 180],
		[412, "PAD96_2", 1800, 515, "B", "DIP", "VCC", "", "C", 70.866, 70.866, 43.308, 43.308, 180],
		[413, "PAD97_3", 1700, 515, "T", "DIP", "SCL", "", "C", 70.866, 70.866, 43.308, 43.308, 180],
		[414, "PAD97_3", 1700, 515, "B", "DIP", "SCL", "", "C", 70.866, 70.866, 43.308, 43.308, 180],
		[415, "PAD98_4", 1600, 515, "T", "DIP", "SDA", "", "C", 70.866, 70.866, 43.308, 43.308, 180],
		[416, "PAD98_4", 1600, 515, "B", "DIP", "SDA", "", "C", 70.866, 70.866, 43.308, 43.308, 180],
		[417, "PAD99_5", 1500, 515, "T", "DIP", "GND", "GND", "C", 70.866, 70.866, 43.308, 43.308, 180],
		[418, "PAD99_5", 1500, 515, "B", "DIP", "GND", "GND", "C", 70.866, 70.866, 43.308, 43.308, 180],
		[419, "PAD100_6", 1400, 515, "T", "DIP", "GND", "GND", "C", 70.866, 70.866, 43.308, 43.308, 180],
		[420, "PAD100_6", 1400, 515, "B", "DIP", "GND", "GND", "C", 70.866, 70.866, 43.308, 43.308, 180],
		[421, "PAD101_7", 1300, 515, "T", "DIP", "GND", "GND", "C", 70.866, 70.866, 43.308, 43.308, 180],
		[422, "PAD101_7", 1300, 515, "B", "DIP", "GND", "GND", "C", 70.866, 70.866, 43.308, 43.308, 180],
		[423, "PAD102_8", 1200, 515, "T", "DIP", "WAKEUP", "", "C", 70.866, 70.866, 43.308, 43.308, 180],
		[424, "PAD102_8", 1200, 515, "B", "DIP", "WAKEUP", "", "C", 70.866, 70.866, 43.308, 43.308, 180]
	]
}
}