{
"lengthUnit": "mil",
"remark": [],
"components": {
	"fields": ["COMPONENT_NO", "COMPONENT_NAME", "LAYER", "X_COORDINATE", "Y_COORDINATE", "ANGLE"],
	"rows": [
		[1, "BATTH1", "T", 1100, 950, 90],
		[2, "C1", "T", 880, 890, 180],
		[3, "C2", "T", 962.56, 372.44, 90],
		[4, "C3", "T", 607.56, 762.44, 90],
		[5, "C4", "T", 840, 540, 90],
		[6, "C5", "T", 590, 545, 90],
		[7, "C7", "T", 1085.649, 662.416, 180],
		[8, "COMH1", "T", 750, 1150, 180],
		[9, "D1", "T", 637.56, 362.44, 90],
		[10, "D2", "T", 702.56, 722.44, 180],
		[11, "EXT1", "T", 370, 770, 0],
		[12, "EXT2", "T", 370, 370, 0],
		[13, "IOH1", "T", 750, 0, 0],
		[14, "PWRH1", "T", 1100, 200, 90],
		[15, "Q1", "T", 802.56, 752.44, 180],
		[16, "R1", "T", 702.56, 797.44, 0],
		[17, "R2", "T", 962.56, 557.44, 90],
		[18, "R3", "T", 762.56, 542.44, 270],
		[19, "R4", "T", 785.81, 369.48, 90],
		[20, "R5", "T", 864.89, 369.5, 90],
		[21, "SCREW1", "T", 1050, 1150, 0],
		[22, "SCREW2", "T", 1050, 0, 0],
		[23, "SCREW3", "T", 0, 1150, 0],
		[24, "SCREW4", "T", 0, 0, 0],
		[25, "U2", "T", 912.56, 707.44, 90],
		[26, "U3", "T", 687.56, 542.44, 270],
		[27, "U4", "T", 1085, 540, 180],
		[28, "XH1", "T", 300, 1150, 180],
		[29, "XH2", "T", 0, 850, 270],
		[30, "YH1", "T", 0, 300, 270],
		[31, "YH2", "T", 300, 0, 0],
		[32, "PAD1", "T", 1100, 900, 0],
		[33, "PAD1", "B", 1100, 900, 0],
		[34, "PAD2", "T", 1100, 1000, 0],
		[35, "PAD2", "B", 1100, 1000, 0],
		[36, "PAD3", "T", 840, 567.56, 0],
		[37, "PAD4", "T", 840, 512.44, 0],
		[38, "PAD5", "T", 590, 572.56, 0],
		[39, "PAD6", "T", 590, 517.44, 0],
		[40, "PAD7", "T", 607.56, 790, 0],
		[41, "PAD8", "T", 607.56, 734.88, 0],
		[42, "PAD9", "T", 962.56, 393.9, 0],
		[43, "PAD10", "T", 962.56, 350.98, 0],
		[44, "PAD11", "T", 852.44, 890, 0],
		[45, "PAD12", "T", 907.56, 890, 0],
		[46, "PAD13", "T", 900, 1200, 0],
		[47, "PAD13", "B", 900, 1200, 0],
		[48, "PAD14", "T", 900, 1100, 0],
		[49, "PAD14", "B", 900, 1100, 0],
		[50, "PAD15", "T", 800, 1200, 0],
		[51, "PAD15", "B", 800, 1200, 0],
		[52, "PAD16", "T", 800, 1100, 0],
		[53, "PAD16", "B", 800, 1100, 0],
		[54, "PAD17", "T", 700, 1200, 0],
		[55, "PAD17", "B", 700, 1200, 0],
		[56, "PAD18", "T", 700, 1100, 0],
		[57, "PAD18", "B", 700, 1100, 0],
		[58, "PAD19", "T", 600, 1200, 0],
		[59, "PAD19", "B", 600, 1200, 0],
		[60, "PAD20", "T", 600, 1100, 0],
		[61, "PAD20", "B", 600, 1100, 0],
		[62, "PAD21", "T", 600, -50, 0],
		[63, "PAD21", "B", 600, -50, 0],
		[64, "PAD22", "T", 600, 50, 0],
		[65, "PAD22", "B", 600, 50, 0],
		[66, "PAD23", "T", 700, -50, 0],
		[67, "PAD23", "B", 700, -50, 0],
		[68, "PAD24", "T", 700, 50, 0],
		[69, "PAD24", "B", 700, 50, 0],
		[70, "PAD25", "T", 800, -50, 0],
		[71, "PAD25", "B", 800, -50, 0],
		[72, "PAD26", "T", 800, 50, 0],
		[73, "PAD26", "B", 800, 50, 0],
		[74, "PAD27", "T", 900, -50, 0],
		[75, "PAD27", "B", 900, -50, 0],
		[76, "PAD28", "T", 900, 50, 0],
		[77, "PAD28", "B", 900, 50, 0],
		[78, "PAD29", "T", 674.96, 401.81, 0],
		[79, "PAD30", "T", 600.16, 401.81, 0],
		[80, "PAD31", "T", 637.56, 323.07, 0],
		[81, "PAD32", "T", 676.969, 722.44, 0],
		[82, "PAD33", "T", 728.15, 722.44, 0],
		[83, "PAD34", "T", 293.23, 656.71, 0],
		[84, "PAD35", "T", 318.82, 656.71, 0],
		[85, "PAD36", "T", 344.41, 656.71, 0],
		[86, "PAD37", "T", 370, 656.71, 0],
		[87, "PAD38", "T", 395.59, 656.71, 0],
		[88, "PAD39", "T", 421.18, 656.71, 0],
		[89, "PAD40", "T", 483.29, 693.23, 0],
		[90, "PAD41", "T", 483.29, 718.82, 0],
		[91, "PAD42", "T", 483.29, 770, 0],
		[92, "PAD43", "T", 483.29, 795.59, 0],
		[93, "PAD44", "T", 483.29, 821.18, 0],
		[94, "PAD45", "T", 483.29, 846.77, 0],
		[95, "PAD46", "T", 421.18, 883.29, 0],
		[96, "PAD47", "T", 395.59, 883.29, 0],
		[97, "PAD48", "T", 370, 883.29, 0],
		[98, "PAD49", "T", 344.41, 883.29, 0],
		[99, "PAD50", "T", 318.82, 883.29, 0],
		[100, "PAD51", "T", 293.23, 883.29, 0],
		[101, "PAD52", "T", 256.71, 846.77, 0],
		[102, "PAD53", "T", 256.71, 821.18, 0],
		[103, "PAD54", "T", 256.71, 795.59, 0],
		[104, "PAD55", "T", 256.71, 770, 0],
		[105, "PAD56", "T", 256.71, 744.41, 0],
		[106, "PAD57", "T", 256.71, 718.82, 0],
		[107, "PAD58", "T", 256.71, 693.23, 0],
		[108, "PAD59", "T", 370, 770, 0],
		[109, "PAD60", "T", 293.23, 256.71, 0],
		[110, "PAD61", "T", 318.82, 256.71, 0],
		[111, "PAD62", "T", 344.41, 256.71, 0],
		[112, "PAD63", "T", 370, 256.71, 0],
		[113, "PAD64", "T", 395.59, 256.71, 0],
		[114, "PAD65", "T", 421.18, 256.71, 0],
		[115, "PAD66", "T", 483.29, 293.23, 0],
		[116, "PAD67", "T", 483.29, 318.82, 0],
		[117, "PAD68", "T", 483.29, 370, 0],
		[118, "PAD69", "T", 483.29, 395.59, 0],
		[119, "PAD70", "T", 483.29, 421.18, 0],
		[120, "PAD71", "T", 483.29, 446.77, 0],
		[121, "PAD72", "T", 421.18, 483.29, 0],
		[122, "PAD73", "T", 395.59, 483.29, 0],
		[123, "PAD74", "T", 370, 483.29, 0],
		[124, "PAD75", "T", 344.41, 483.29, 0],
		[125, "PAD76", "T", 318.82, 483.29, 0],
		[126, "PAD77", "T", 293.23, 483.29, 0],
		[127, "PAD78", "T", 256.71, 446.77, 0],
		[128, "PAD79", "T", 256.71, 421.18, 0],
		[129, "PAD80", "T", 256.71, 395.59, 0],
		[130, "PAD81", "T", 256.71, 370, 0],
		[131, "PAD82", "T", 256.71, 344.41, 0],
		[132, "PAD83", "T", 256.71, 318.82, 0],
		[133, "PAD84", "T", 256.71, 293.23, 0],
		[134, "PAD85", "T", 370, 370, 0],
		[135, "PAD86", "T", 1100, 150, 0],
		[136, "PAD86", "B", 1100, 150, 0],
		[137, "PAD87", "T", 1100, 250, 0],
		[138, "PAD87", "B", 1100, 250, 0],
		[139, "PAD88", "T", 781.71, 768.19, 0],
		[140, "PAD89", "T", 781.71, 736.69, 0],
		[141, "PAD90", "T", 823.41, 752.44, 0],
		[142, "PAD91", "T", 762.56, 525.4, 0],
		[143, "PAD92", "T", 762.56, 559.48, 0],
		[144, "PAD93", "T", 719.6, 797.44, 0],
		[145, "PAD94", "T", 685.52, 797.44, 0],
		[146, "PAD95", "T", 962.56, 574.48, 0],
		[147, "PAD96", "T", 962.56, 540.4, 0],
		[148, "PAD97", "T", 912.565, 750.747, 0],
		[149, "PAD98", "T", 875.165, 750.747, 0],
		[150, "PAD99", "T", 949.955, 750.747, 0],
		[151, "PAD100", "T", 875.155, 664.127, 0],
		[152, "PAD101", "T", 949.965, 664.127, 0],
		[153, "PAD102", "T", 687.56, 542.44, 0],
		[154, "PAD103", "T", 668.85, 529.64, 0],
		[155, "PAD104", "T", 706.27, 555.24, 0],
		[156, "PAD105", "T", 706.26, 529.64, 0],
		[157, "PAD106", "T", 668.85, 555.24, 0],
		[158, "PAD107", "T", 450, 1200, 0],
		[159, "PAD107", "B", 450, 1200, 0],
		[160, "PAD108", "T", 450, 1100, 0],
		[161, "PAD108", "B", 450, 1100, 0],
		[162, "PAD109", "T", 350, 1200, 0],
		[163, "PAD109", "B", 350, 1200, 0],
		[164, "PAD110", "T", 350, 1100, 0],
		[165, "PAD110", "B", 350, 1100, 0],
		[166, "PAD111", "T", 250, 1200, 0],
		[167, "PAD111", "B", 250, 1200, 0],
		[168, "PAD112", "T", 250, 1100, 0],
		[169, "PAD112", "B", 250, 1100, 0],
		[170, "PAD113", "T", 150, 1200, 0],
		[171, "PAD113", "B", 150, 1200, 0],
		[172, "PAD114", "T", 150, 1100, 0],
		[173, "PAD114", "B", 150, 1100, 0],
		[174, "PAD115", "T", -50, 1000, 0],
		[175, "PAD115", "B", -50, 1000, 0],
		[176, "PAD116", "T", 50, 1000, 0],
		[177, "PAD116", "B", 50, 1000, 0],
		[178, "PAD117", "T", -50, 900, 0],
		[179, "PAD117", "B", -50, 900, 0],
		[180, "PAD118", "T", 50, 900, 0],
		[181, "PAD118", "B", 50, 900, 0],
		[182, "PAD119", "T", -50, 800, 0],
		[183, "PAD119", "B", -50, 800, 0],
		[184, "PAD120", "T", 50, 800, 0],
		[185, "PAD120", "B", 50, 800, 0],
		[186, "PAD121", "T", -50, 700, 0],
		[187, "PAD121", "B", -50, 700, 0],
		[188, "PAD122", "T", 50, 700, 0],
		[189, "PAD122", "B", 50, 700, 0],
		[190, "PAD123", "T", -50, 450, 0],
		[191, "PAD123", "B", -50, 450, 0],
		[192, "PAD124", "T", 50, 450, 0],
		[193, "PAD124", "B", 50, 450, 0],
		[194, "PAD125", "T", -50, 350, 0],
		[195, "PAD125", "B", -50, 350, 0],
		[196, "PAD126", "T", 50, 350, 0],
		[197, "PAD126", "B", 50, 350, 0],
		[198, "PAD127", "T", -50, 250, 0],
		[199, "PAD127", "B", -50, 250, 0],
		[200, "PAD128", "T", 50, 250, 0],
		[201, "PAD128", "B", 50, 250, 0],
		[202, "PAD129", "T", -50, 150, 0],
		[203, "PAD129", "B", -50, 150, 0],
		[204, "PAD130", "T", 50, 150, 0],
		[205, "PAD130", "B", 50, 150, 0],
		[206, "PAD131", "T", 150, -50, 0],
		[207, "PAD131", "B", 150, -50, 0],
		[208, "PAD132", "T", 150, 50, 0],
		[209, "PAD132", "B", 150, 50, 0],
		[210, "PAD133", "T", 250, -50, 0],
		[211, "PAD133", "B", 250, -50, 0],
		[212, "PAD134", "T", 250, 50, 0],
		[213, "PAD134", "B", 250, 50, 0],
		[214, "PAD135", "T", 350, -50, 0],
		[215, "PAD135", "B", 350, -50, 0],
		[216, "PAD136", "T", 350, 50, 0],
		[217, "PAD136", "B", 350, 50, 0],
		[218, "PAD137", "T", 450, -50, 0],
		[219, "PAD137", "B", 450, -50, 0],
		[220, "PAD138", "T", 450, 50, 0],
		[221, "PAD138", "B", 450, 50, 0],
		[222, "PAD139", "T", 785.81, 386.52, 0],
		[223, "PAD140", "T", 785.81, 352.44, 0],
		[224, "PAD141", "T", 864.89, 386.54, 0],
		[225, "PAD142", "T", 864.89, 352.46, 0],
		[226, "PAD143", "T", 1058.089, 662.416, 0],
		[227, "PAD144", "T", 1113.209, 662.416, 0],
		[228, "PAD145", "T", 1114.53, 576.91, 0],
		[229, "PAD146", "T", 1094.84, 576.91, 0],
		[230, "PAD147", "T", 1075.16, 576.91, 0],
		[231, "PAD148", "T", 1055.47, 576.91, 0],
		[232, "PAD149", "T", 1075.16, 503.09, 0],
		[233, "PAD150", "T", 1094.84, 503.09, 0],
		[234, "PAD151", "T", 1114.53, 503.09, 0],
		[235, "PAD152", "T", 1085, 540, 0]
	]
},
"pins": {
	"fields": ["PIN_NO", "PIN_NAME", "PIN_X", "PIN_Y", "LAYER", "PIN_TYPE", "NET_NAME", "NET_TYPE", "PAD_SHAPE", "PAD_SIZEX", "PAD_SIZEY", "HOLE_SIZE", "HOLE_LEN", "PAD_ANGLE"],
	"rows": [
		[1, "BATTH1_1", 1100, 900, "T", "DIP", "GND", "GND", "R", 70.866, 70.866, 43.308, 43.308, 90],
		[2, "BATTH1_1", 1100, 900, "B", "DIP", "GND", "GND", "R", 70.866, 70.866, 43.308, 43.308, 90],
		[3, "BATTH1_2", 1100, 1000, "T", "DIP", "VBAT", "", "C", 70.866, 70.866, 43.308, 43.308, 90],
		[4, "BATTH1_2", 1100, 1000, "B", "DIP", "VBAT", "", "C", 70.866, 70.866, 43.308, 43.308, 90],
		[5, "C1_1", 907.56, 890, "T", "SMD", "GND", "GND", "R", 31.496, 35.433, 0, 0, 180],
		[6, "C1_2", 852.44, 890, "T", "SMD", "VBAT", "", "R", 31.496, 35.433, 0, 0, 180],
		[7, "C2_1", 962.56, 350.98, "T", "SMD", "VBUS", "", "R", 31.106, 21.26, 0, 0, 90],
		[8, "C2_2", 962.56, 393.9, "T", "SMD", "GND", "GND", "R", 31.106, 21.26, 0, 0, 90],
		[9, "C3_1", 607.56, 734.88, "T", "SMD", "PWRAUX3", "", "R", 31.496, 35.433, 0, 0, 90],
		[10, "C3_2", 607.56, 790, "T", "SMD", "GND", "GND", "R", 31.496, 35.433, 0, 0, 90],
		[11, "C4_1", 840, 512.44, "T", "SMD", "GND", "GND", "R", 31.496, 35.433, 0, 0, 90],
		[12, "C4_2", 840, 567.56, "T", "SMD", "VIN", "", "R", 31.496, 35.433, 0, 0, 90],
		[13, "C5_1", 590, 517.44, "T", "SMD", "GND", "GND", "R", 31.496, 35.433, 0, 0, 90],
		[14, "C5_2", 590, 572.56, "T", "SMD", "3V3", "", "R", 31.496, 35.433, 0, 0, 90],
		[15, "C7_1", 1113.209, 662.416, "T", "SMD", "GND", "GND", "R", 31.496, 35.433, 0, 0, 180],
		[16, "C7_2", 1058.089, 662.416, "T", "SMD", "VBAT", "", "R", 31.496, 35.433, 0, 0, 180],
		[17, "COMH1_1", 900, 1200, "T", "DIP", "GND", "GND", "R", 70, 70.866, 43.308, 43.308, 0],
		[18, "COMH1_1", 900, 1200, "B", "DIP", "GND", "GND", "R", 70, 70.866, 43.308, 43.308, 0],
		[19, "COMH1_2", 900, 1100, "T", "DIP", "GND", "GND", "C", 70.866, 70.866, 43.308, 43.308, 0],
		[20, "COMH1_2", 900, 1100, "B", "DIP", "GND", "GND", "C", 70.866, 70.866, 43.308, 43.308, 0],
		[21, "COMH1_3", 800, 1200, "T", "DIP", "GND", "GND", "C", 70.866, 70.866, 43.308, 43.308, 0],
		[22, "COMH1_3", 800, 1200, "B", "DIP", "GND", "GND", "C", 70.866, 70.866, 43.308, 43.308, 0],
		[23, "COMH1_4", 800, 1100, "T", "DIP", "GND", "GND", "C", 70.866, 70.866, 43.308, 43.308, 0],
		[24, "COMH1_4", 800, 1100, "B", "DIP", "GND", "GND", "C", 70.866, 70.866, 43.308, 43.308, 0],
		[25, "COMH1_5", 700, 1200, "T", "DIP", "GND", "GND", "C", 70.866, 70.866, 43.308, 43.308, 0],
		[26, "COMH1_5", 700, 1200, "B", "DIP", "GND", "GND", "C", 70.866, 70.866, 43.308, 43.308, 0],
		[27, "COMH1_6", 700, 1100, "T", "DIP", "GND", "GND", "C", 70.866, 70.866, 43.308, 43.308, 0],
		[28, "COMH1_6", 700, 1100, "B", "DIP", "GND", "GND", "C", 70.866, 70.866, 43.308, 43.308, 0],
		[29, "COMH1_7", 600, 1200, "T", "DIP", "GND", "GND", "C", 70.866, 70.866, 43.308, 43.308, 0],
		[30, "COMH1_7", 600, 1200, "B", "DIP", "GND", "GND", "C", 70.866, 70.866, 43.308, 43.308, 0],
		[31, "COMH1_8", 600, 1100, "T", "DIP", "GND", "GND", "C", 70.866, 70.866, 43.308, 43.308, 0],
		[32, "COMH1_8", 600, 1100, "B", "DIP", "GND", "GND", "C", 70.866, 70.866, 43.308, 43.308, 0],
		[33, "D1_1", 674.96, 401.81, "T", "SMD", "$3N12427", "", "R", 49.213, 27.559, 0, 0, 90],
		[34, "D1_2", 600.16, 401.81, "T", "SMD", "$3N12421", "", "R", 49.213, 27.559, 0, 0, 90],
		[35, "D1_3", 637.56, 323.07, "T", "SMD", "WAKEUP", "", "R", 49.213, 27.559, 0, 0, 90],
		[36, "D2_1", 728.15, 722.44, "T", "SMD", "VIN", "", "R", 23.622, 14.173, 0, 0, 180],
		[37, "D2_2", 676.969, 722.44, "T", "SMD", "PWRAUX3", "", "R", 23.622, 14.173, 0, 0, 180],
		[38, "EXT1_1", 293.23, 656.71, "T", "SMD", "XGPB4", "", "O", 14.331, 41.535, 0, 0, 0],
		[39, "EXT1_2", 318.82, 656.71, "T", "SMD", "XGPB5", "", "O", 14.331, 41.535, 0, 0, 0],
		[40, "EXT1_3", 344.41, 656.71, "T", "SMD", "XGPB6", "", "O", 14.331, 41.535, 0, 0, 0],
		[41, "EXT1_4", 370, 656.71, "T", "SMD", "XGPB7", "", "O", 14.331, 41.535, 0, 0, 0],
		[42, "EXT1_5", 395.59, 656.71, "T", "SMD", "3V3", "", "O", 14.331, 41.535, 0, 0, 0],
		[43, "EXT1_6", 421.18, 656.71, "T", "SMD", "GND", "GND", "O", 14.331, 41.535, 0, 0, 0],
		[44, "EXT1_7", 446.77, 656.71, "T", "SMD", "NET_1", "", "O", 14.331, 41.535, 0, 0, 0],
		[45, "EXT1_8", 483.29, 693.23, "T", "SMD", "SCL", "", "O", 41.535, 14.331, 0, 0, 0],
		[46, "EXT1_9", 483.29, 718.82, "T", "SMD", "SDA", "", "O", 41.535, 14.331, 0, 0, 0],
		[47, "EXT1_10", 483.29, 744.41, "T", "SMD", "NET_2", "", "O", 41.535, 14.331, 0, 0, 0],
		[48, "EXT1_11", 483.29, 770, "T", "SMD", "3V3", "", "O", 41.535, 14.331, 0, 0, 0],
		[49, "EXT1_12", 483.29, 795.59, "T", "SMD", "3V3", "", "O", 41.535, 14.331, 0, 0, 0],
		[50, "EXT1_13", 483.29, 821.18, "T", "SMD", "3V3", "", "O", 41.535, 14.331, 0, 0, 0],
		[51, "EXT1_14", 483.29, 846.77, "T", "SMD", "3V3", "", "O", 41.535, 14.331, 0, 0, 0],
		[52, "EXT1_15", 446.77, 883.29, "T", "SMD", "NET_3", "", "O", 14.331, 41.535, 0, 0, 0],
		[53, "EXT1_16", 421.18, 883.29, "T", "SMD", "$3N12427", "", "O", 14.331, 41.535, 0, 0, 0],
		[54, "EXT1_17", 395.59, 883.29, "T", "SMD", "XGPA0", "", "O", 14.331, 41.535, 0, 0, 0],
		[55, "EXT1_18", 370, 883.29, "T", "SMD", "XGPA1", "", "O", 14.331, 41.535, 0, 0, 0],
		[56, "EXT1_19", 344.41, 883.29, "T", "SMD", "XGPA2", "", "O", 14.331, 41.535, 0, 0, 0],
		[57, "EXT1_20", 318.82, 883.29, "T", "SMD", "XGPA3", "", "O", 14.331, 41.535, 0, 0, 0],
		[58, "EXT1_21", 293.23, 883.29, "T", "SMD", "XGPA4", "", "O", 14.331, 41.535, 0, 0, 0],
		[59, "EXT1_22", 256.71, 846.77, "T", "SMD", "XGPA5", "", "O", 41.535, 14.331, 0, 0, 0],
		[60, "EXT1_23", 256.71, 821.18, "T", "SMD", "XGPA6", "", "O", 41.535, 14.331, 0, 0, 0],
		[61, "EXT1_24", 256.71, 795.59, "T", "SMD", "XGPA7", "", "O", 41.535, 14.331, 0, 0, 0],
		[62, "EXT1_25", 256.71, 770, "T", "SMD", "XGPB0", "", "O", 41.535, 14.331, 0, 0, 0],
		[63, "EXT1_26", 256.71, 744.41, "T", "SMD", "XGPB1", "", "O", 41.535, 14.331, 0, 0, 0],
		[64, "EXT1_27", 256.71, 718.82, "T", "SMD", "XGPB2", "", "O", 41.535, 14.331, 0, 0, 0],
		[65, "EXT1_28", 256.71, 693.23, "T", "SMD", "XGPB3", "", "O", 41.535, 14.331, 0, 0, 0],
		[66, "EXT1_29", 370, 770, "T", "SMD", "GND", "GND", "R", 145.669, 145.669, 0, 0, 0],
		[67, "EXT2_1", 293.23, 256.71, "T", "SMD", "YGPB4", "", "O", 14.331, 41.535, 0, 0, 0],
		[68, "EXT2_2", 318.82, 256.71, "T", "SMD", "YGPB5", "", "O", 14.331, 41.535, 0, 0, 0],
		[69, "EXT2_3", 344.41, 256.71, "T", "SMD", "YGPB6", "", "O", 14.331, 41.535, 0, 0, 0],
		[70, "EXT2_4", 370, 256.71, "T", "SMD", "YGPB7", "", "O", 14.331, 41.535, 0, 0, 0],
		[71, "EXT2_5", 395.59, 256.71, "T", "SMD", "3V3", "", "O", 14.331, 41.535, 0, 0, 0],
		[72, "EXT2_6", 421.18, 256.71, "T", "SMD", "GND", "GND", "O", 14.331, 41.535, 0, 0, 0],
		[73, "EXT2_7", 446.77, 256.71, "T", "SMD", "NET_4", "", "O", 14.331, 41.535, 0, 0, 0],
		[74, "EXT2_8", 483.29, 293.23, "T", "SMD", "SCL", "", "O", 41.535, 14.331, 0, 0, 0],
		[75, "EXT2_9", 483.29, 318.82, "T", "SMD", "SDA", "", "O", 41.535, 14.331, 0, 0, 0],
		[76, "EXT2_10", 483.29, 344.41, "T", "SMD", "NET_5", "", "O", 41.535, 14.331, 0, 0, 0],
		[77, "EXT2_11", 483.29, 370, "T", "SMD", "GND", "GND", "O", 41.535, 14.331, 0, 0, 0],
		[78, "EXT2_12", 483.29, 395.59, "T", "SMD", "GND", "GND", "O", 41.535, 14.331, 0, 0, 0],
		[79, "EXT2_13", 483.29, 421.18, "T", "SMD", "GND", "GND", "O", 41.535, 14.331, 0, 0, 0],
		[80, "EXT2_14", 483.29, 446.77, "T", "SMD", "3V3", "", "O", 41.535, 14.331, 0, 0, 0],
		[81, "EXT2_15", 446.77, 483.29, "T", "SMD", "NET_6", "", "O", 14.331, 41.535, 0, 0, 0],
		[82, "EXT2_16", 421.18, 483.29, "T", "SMD", "$3N12421", "", "O", 14.331, 41.535, 0, 0, 0],
		[83, "EXT2_17", 395.59, 483.29, "T", "SMD", "YGPA0", "", "O", 14.331, 41.535, 0, 0, 0],
		[84, "EXT2_18", 370, 483.29, "T", "SMD", "YGPA1", "", "O", 14.331, 41.535, 0, 0, 0],
		[85, "EXT2_19", 344.41, 483.29, "T", "SMD", "YGPA2", "", "O", 14.331, 41.535, 0, 0, 0],
		[86, "EXT2_20", 318.82, 483.29, "T", "SMD", "YGPA3", "", "O", 14.331, 41.535, 0, 0, 0],
		[87, "EXT2_21", 293.23, 483.29, "T", "SMD", "YGPA4", "", "O", 14.331, 41.535, 0, 0, 0],
		[88, "EXT2_22", 256.71, 446.77, "T", "SMD", "YGPA5", "", "O", 41.535, 14.331, 0, 0, 0],
		[89, "EXT2_23", 256.71, 421.18, "T", "SMD", "YGPA6", "", "O", 41.535, 14.331, 0, 0, 0],
		[90, "EXT2_24", 256.71, 395.59, "T", "SMD", "YGPA7", "", "O", 41.535, 14.331, 0, 0, 0],
		[91, "EXT2_25", 256.71, 370, "T", "SMD", "YGPB0", "", "O", 41.535, 14.331, 0, 0, 0],
		[92, "EXT2_26", 256.71, 344.41, "T", "SMD", "YGPB1", "", "O", 41.535, 14.331, 0, 0, 0],
		[93, "EXT2_27", 256.71, 318.82, "T", "SMD", "YGPB2", "", "O", 41.535, 14.331, 0, 0, 0],
		[94, "EXT2_28", 256.71, 293.23, "T", "SMD", "YGPB3", "", "O", 41.535, 14.331, 0, 0, 0],
		[95, "EXT2_29", 370, 370, "T", "SMD", "GND", "GND", "R", 145.669, 145.669, 0, 0, 0],
		[96, "IOH1_1", 600, -50, "T", "DIP", "SCL", "", "R", 70, 70.866, 43.308, 43.308, 180],
		[97, "IOH1_1", 600, -50, "B", "DIP", "SCL", "", "R", 70, 70.866, 43.308, 43.308, 180],
		[98, "IOH1_2", 600, 50, "T", "DIP", "SCL", "", "C", 70.866, 70.866, 43.308, 43.308, 180],
		[99, "IOH1_2", 600, 50, "B", "DIP", "SCL", "", "C", 70.866, 70.866, 43.308, 43.308, 180],
		[100, "IOH1_3", 700, -50, "T", "DIP", "SDA", "", "C", 70.866, 70.866, 43.308, 43.308, 180],
		[101, "IOH1_3", 700, -50, "B", "DIP", "SDA", "", "C", 70.866, 70.866, 43.308, 43.308, 180],
		[102, "IOH1_4", 700, 50, "T", "DIP", "SDA", "", "C", 70.866, 70.866, 43.308, 43.308, 180],
		[103, "IOH1_4", 700, 50, "B", "DIP", "SDA", "", "C", 70.866, 70.866, 43.308, 43.308, 180],
		[104, "IOH1_5", 800, -50, "T", "DIP", "WAKEUP", "", "C", 70.866, 70.866, 43.308, 43.308, 180],
		[105, "IOH1_5", 800, -50, "B", "DIP", "WAKEUP", "", "C", 70.866, 70.866, 43.308, 43.308, 180],
		[106, "IOH1_6", 800, 50, "T", "DIP", "CHARGING_", "", "C", 70.866, 70.866, 43.308, 43.308, 180],
		[107, "IOH1_6", 800, 50, "B", "DIP", "CHARGING_", "", "C", 70.866, 70.866, 43.308, 43.308, 180],
		[108, "IOH1_7", 900, -50, "T", "DIP", "GND", "GND", "C", 70.866, 70.866, 43.308, 43.308, 180],
		[109, "IOH1_7", 900, -50, "B", "DIP", "GND", "GND", "C", 70.866, 70.866, 43.308, 43.308, 180],
		[110, "IOH1_8", 900, 50, "T", "DIP", "3V3", "", "C", 70.866, 70.866, 43.308, 43.308, 180],
		[111, "IOH1_8", 900, 50, "B", "DIP", "3V3", "", "C", 70.866, 70.866, 43.308, 43.308, 180],
		[112, "PWRH1_1", 1100, 150, "T", "DIP", "GND", "GND", "R", 70.866, 70.866, 43.308, 43.308, 90],
		[113, "PWRH1_1", 1100, 150, "B", "DIP", "GND", "GND", "R", 70.866, 70.866, 43.308, 43.308, 90],
		[114, "PWRH1_2", 1100, 250, "T", "DIP", "VBUS", "", "C", 70.866, 70.866, 43.308, 43.308, 90],
		[115, "PWRH1_2", 1100, 250, "B", "DIP", "VBUS", "", "C", 70.866, 70.866, 43.308, 43.308, 90],
		[116, "Q1_1", 781.71, 768.19, "T", "SMD", "PWRAUX3", "", "R", 19.252, 11.575, 0, 0, 180],
		[117, "Q1_2", 781.71, 736.69, "T", "SMD", "VIN", "", "R", 19.252, 11.575, 0, 0, 180],
		[118, "Q1_3", 823.41, 752.44, "T", "SMD", "VBAT", "", "R", 19.252, 17.087, 0, 0, 180],
		[119, "R1_1", 685.52, 797.44, "T", "SMD", "GND", "GND", "R", 22.27, 21.26, 0, 0, 0],
		[120, "R1_2", 719.6, 797.44, "T", "SMD", "PWRAUX3", "", "R", 22.27, 21.26, 0, 0, 0],
		[121, "R2_1", 962.56, 540.4, "T", "SMD", "GND", "GND", "R", 22.27, 21.26, 0, 0, 90],
		[122, "R2_2", 962.56, 574.48, "T", "SMD", "PWRAUX2", "", "R", 22.27, 21.26, 0, 0, 90],
		[123, "R3_1", 762.56, 559.48, "T", "SMD", "VIN", "", "R", 22.27, 21.26, 0, 0, 270],
		[124, "R3_2", 762.56, 525.4, "T", "SMD", "PWRAUX1", "", "R", 22.27, 21.26, 0, 0, 270],
		[125, "R4_1", 785.81, 352.44, "T", "SMD", "SCL", "", "R", 22.27, 21.26, 0, 0, 90],
		[126, "R4_2", 785.81, 386.52, "T", "SMD", "3V3", "", "R", 22.27, 21.26, 0, 0, 90],
		[127, "R5_1", 864.89, 352.46, "T", "SMD", "SDA", "", "R", 22.27, 21.26, 0, 0, 90],
		[128, "R5_2", 864.89, 386.54, "T", "SMD", "3V3", "", "R", 22.27, 21.26, 0, 0, 90],
		[129, "SCREW1_1", 1050, 1150, "T", "DIP", "NET_7", "", "C", 78.7402, 78.7402, 78.7402, 78.7402, 0],
		[130, "SCREW1_1", 1050, 1150, "B", "DIP", "NET_7", "", "C", 78.7402, 78.7402, 78.7402, 78.7402, 0],
		[131, "SCREW2_1", 1050, 0, "T", "DIP", "NET_8", "", "C", 78.7402, 78.7402, 78.7402, 78.7402, 0],
		[132, "SCREW2_1", 1050, 0, "B", "DIP", "NET_8", "", "C", 78.7402, 78.7402, 78.7402, 78.7402, 0],
		[133, "SCREW3_1", 0, 1150, "T", "DIP", "NET_9", "", "C", 78.7402, 78.7402, 78.7402, 78.7402, 0],
		[134, "SCREW3_1", 0, 1150, "B", "DIP", "NET_9", "", "C", 78.7402, 78.7402, 78.7402, 78.7402, 0],
		[135, "SCREW4_1", 0, 0, "T", "DIP", "NET_10", "", "C", 78.7402, 78.7402, 78.7402, 78.7402, 0],
		[136, "SCREW4_1", 0, 0, "B", "DIP", "NET_10", "", "C", 78.7402, 78.7402, 78.7402, 78.7402, 0],
		[137, "U2_1", 949.955, 750.747, "T", "SMD", "CHARGING_", "", "R", 23.622, 39.37, 0, 0, 180],
		[138, "U2_2", 912.565, 750.747, "T", "SMD", "GND", "GND", "R", 23.622, 39.37, 0, 0, 180],
		[139, "U2_3", 875.165, 750.747, "T", "SMD", "VBAT", "", "R", 23.622, 39.37, 0, 0, 180],
		[140, "U2_4", 875.155, 664.127, "T", "SMD", "VBUS", "", "R", 23.622, 39.37, 0, 0, 180],
		[141, "U2_5", 949.965, 664.127, "T", "SMD", "PWRAUX2", "", "R", 23.622, 39.37, 0, 0, 180],
		[142, "U3_1", 668.85, 555.24, "T", "SMD", "3V3", "", "P", 17.717, 7.874, 0, 0, 270],
		[143, "U3_2", 668.85, 529.64, "T", "SMD", "GND", "GND", "P", 15.748, 7.874, 0, 0, 270],
		[144, "U3_3", 706.26, 529.64, "T", "SMD", "PWRAUX1", "", "P", 15.749, 7.875, 0, 0, 270],
		[145, "U3_4", 706.27, 555.24, "T", "SMD", "VIN", "", "P", 15.748, 7.875, 0, 0, 270],
		[146, "U3_5", 687.56, 542.44, "T", "SMD", "GND", "GND", "R", 17.717, 17.717, 0, 0, 315],
		[147, "U4_1", 1114.53, 576.91, "T", "SMD", "GND", "GND", "R", 11.024, 16.732, 0, 0, 180],
		[148, "U4_2", 1094.84, 576.91, "T", "SMD", "VBAT", "", "R", 11.024, 16.732, 0, 0, 180],
		[149, "U4_3", 1075.16, 576.91, "T", "SMD", "VBAT", "", "R", 11.024, 16.732, 0, 0, 180],
		[150, "U4_4", 1055.47, 576.91, "T", "SMD", "GND", "GND", "R", 11.024, 16.732, 0, 0, 180],
		[151, "U4_5", 1055.47, 503.09, "T", "SMD", "NET_11", "", "R", 11.024, 16.732, 0, 0, 180],
		[152, "U4_6", 1075.16, 503.09, "T", "SMD", "GND", "GND", "R", 11.024, 16.732, 0, 0, 180],
		[153, "U4_7", 1094.84, 503.09, "T", "SMD", "SCL", "", "R", 11.024, 16.732, 0, 0, 180],
		[154, "U4_8", 1114.53, 503.09, "T", "SMD", "SDA", "", "R", 11.024, 16.732, 0, 0, 180],
		[155, "U4_9", 1085, 540, "T", "SMD", "GND", "GND", "R", 47.244, 31.496, 0, 0, 180],
		[156, "XH1_1", 450, 1200, "T", "DIP", "XGPA0", "", "R", 70, 70.866, 43.308, 43.308, 0],
		[157, "XH1_1", 450, 1200, "B", "DIP", "XGPA0", "", "R", 70, 70.866, 43.308, 43.308, 0],
		[158, "XH1_2", 450, 1100, "T", "DIP", "XGPA1", "", "C", 70.866, 70.866, 43.308, 43.308, 0],
		[159, "XH1_2", 450, 1100, "B", "DIP", "XGPA1", "", "C", 70.866, 70.866, 43.308, 43.308, 0],
		[160, "XH1_3", 350, 1200, "T", "DIP", "XGPA2", "", "C", 70.866, 70.866, 43.308, 43.308, 0],
		[161, "XH1_3", 350, 1200, "B", "DIP", "XGPA2", "", "C", 70.866, 70.866, 43.308, 43.308, 0],
		[162, "XH1_4", 350, 1100, "T", "DIP", "XGPA3", "", "C", 70.866, 70.866, 43.308, 43.308, 0],
		[163, "XH1_4", 350, 1100, "B", "DIP", "XGPA3", "", "C", 70.866, 70.866, 43.308, 43.308, 0],
		[164, "XH1_5", 250, 1200, "T", "DIP", "XGPA4", "", "C", 70.866, 70.866, 43.308, 43.308, 0],
		[165, "XH1_5", 250, 1200, "B", "DIP", "XGPA4", "", "C", 70.866, 70.866, 43.308, 43.308, 0],
		[166, "XH1_6", 250, 1100, "T", "DIP", "XGPA5", "", "C", 70.866, 70.866, 43.308, 43.308, 0],
		[167, "XH1_6", 250, 1100, "B", "DIP", "XGPA5", "", "C", 70.866, 70.866, 43.308, 43.308, 0],
		[168, "XH1_7", 150, 1200, "T", "DIP", "XGPA6", "", "C", 70.866, 70.866, 43.308, 43.308, 0],
		[169, "XH1_7", 150, 1200, "B", "DIP", "XGPA6", "", "C", 70.866, 70.866, 43.308, 43.308, 0],
		[170, "XH1_8", 150, 1100, "T", "DIP", "XGPA7", "", "C", 70.866, 70.866, 43.308, 43.308, 0],
		[171, "XH1_8", 150, 1100, "B", "DIP", "XGPA7", "", "C", 70.866, 70.866, 43.308, 43.308, 0],
		[172, "XH2_1", -50, 1000, "T", "DIP", "XGPB1", "", "R", 70, 70.866, 43.308, 43.308, 90],
		[173, "XH2_1", -50, 1000, "B", "DIP", "XGPB1", "", "R", 70, 70.866, 43.308, 43.308, 90],
		[174, "XH2_2", 50, 1000, "T", "DIP", "XGPB0", "", "C", 70.866, 70.866, 43.308, 43.308, 90],
		[175, "XH2_2", 50, 1000, "B", "DIP", "XGPB0", "", "C", 70.866, 70.866, 43.308, 43.308, 90],
		[176, "XH2_3", -50, 900, "T", "DIP", "XGPB3", "", "C", 70.866, 70.866, 43.308, 43.308, 90],
		[177, "XH2_3", -50, 900, "B", "DIP", "XGPB3", "", "C", 70.866, 70.866, 43.308, 43.308, 90],
		[178, "XH2_4", 50, 900, "T", "DIP", "XGPB2", "", "C", 70.866, 70.866, 43.308, 43.308, 90],
		[179, "XH2_4", 50, 900, "B", "DIP", "XGPB2", "", "C", 70.866, 70.866, 43.308, 43.308, 90],
		[180, "XH2_5", -50, 800, "T", "DIP", "XGPB5", "", "C", 70.866, 70.866, 43.308, 43.308, 90],
		[181, "XH2_5", -50, 800, "B", "DIP", "XGPB5", "", "C", 70.866, 70.866, 43.308, 43.308, 90],
		[182, "XH2_6", 50, 800, "T", "DIP", "XGPB4", "", "C", 70.866, 70.866, 43.308, 43.308, 90],
		[183, "XH2_6", 50, 800, "B", "DIP", "XGPB4", "", "C", 70.866, 70.866, 43.308, 43.308, 90],
		[184, "XH2_7", -50, 700, "T", "DIP", "XGPB7", "", "C", 70.866, 70.866, 43.308, 43.308, 90],
		[185, "XH2_7", -50, 700, "B", "DIP", "XGPB7", "", "C", 70.866, 70.866, 43.308, 43.308, 90],
		[186, "XH2_8", 50, 700, "T", "DIP", "XGPB6", "", "C", 70.866, 70.866, 43.308, 43.308, 90],
		[187, "XH2_8", 50, 700, "B", "DIP", "XGPB6", "", "C", 70.866, 70.866, 43.308, 43.308, 90],
		[188, "YH1_1", -50, 450, "T", "DIP", "YGPA0", "", "R", 70, 70.866, 43.308, 43.308, 90],
		[189, "YH1_1", -50, 450, "B", "DIP", "YGPA0", "", "R", 70, 70.866, 43.308, 43.308, 90],
		[190, "YH1_2", 50, 450, "T", "DIP", "YGPA1", "", "C", 70.866, 70.866, 43.308, 43.308, 90],
		[191, "YH1_2", 50, 450, "B", "DIP", "YGPA1", "", "C", 70.866, 70.866, 43.308, 43.308, 90],
		[192, "YH1_3", -50, 350, "T", "DIP", "YGPA2", "", "C", 70.866, 70.866, 43.308, 43.308, 90],
		[193, "YH1_3", -50, 350, "B", "DIP", "YGPA2", "", "C", 70.866, 70.866, 43.308, 43.308, 90],
		[194, "YH1_4", 50, 350, "T", "DIP", "YGPA3", "", "C", 70.866, 70.866, 43.308, 43.308, 90],
		[195, "YH1_4", 50, 350, "B", "DIP", "YGPA3", "", "C", 70.866, 70.866, 43.308, 43.308, 90],
		[196, "YH1_5", -50, 250, "T", "DIP", "YGPA4", "", "C", 70.866, 70.866, 43.308, 43.308, 90],
		[197, "YH1_5", -50, 250, "B", "DIP", "YGPA4", "", "C", 70.866, 70.866, 43.308, 43.308, 90],
		[198, "YH1_6", 50, 250, "T", "DIP", "YGPA5", "", "C", 70.866, 70.866, 43.308, 43.308, 90],
		[199, "YH1_6", 50, 250, "B", "DIP", "YGPA5", "", "C", 70.866, 70.866, 43.308, 43.308, 90],
		[200, "YH1_7", -50, 150, "T", "DIP", "YGPA6", "", "C", 70.866, 70.866, 43.308, 43.308, 90],
		[201, "YH1_7", -50, 150, "B", "DIP", "YGPA6", "", "C", 70.866, 70.866, 43.308, 43.308, 90],
		[202, "YH1_8", 50, 150, "T", "DIP", "YGPA7", "", "C", 70.866, 70.866, 43.308, 43.308, 90],
		[203, "YH1_8", 50, 150, "B", "DIP", "YGPA7", "", "C", 70.866, 70.866, 43.308, 43.308, 90],
		[204, "YH2_1", 150, -50, "T", "DIP", "YGPB1", "", "R", 70, 70.866, 43.308, 43.308, 180],
		[205, "YH2_1", 150, -50, "B", "DIP", "YGPB1", "", "R", 70, 70.866, 43.308, 43.308, 180],
		[206, "YH2_2", 150, 50, "T", "DIP", "YGPB0", "", "C", 70.866, 70.866, 43.308, 43.308, 180],
		[207, "YH2_2", 150, 50, "B", "DIP", "YGPB0", "", "C", 70.866, 70.866, 43.308, 43.308, 180],
		[208, "YH2_3", 250, -50, "T", "DIP", "YGPB3", "", "C", 70.866, 70.866, 43.308, 43.308, 180],
		[209, "YH2_3", 250, -50, "B", "DIP", "YGPB3", "", "C", 70.866, 70.866, 43.308, 43.308, 180],
		[210, "YH2_4", 250, 50, "T", "DIP", "YGPB2", "", "C", 70.866, 70.866, 43.308, 43.308, 180],
		[211, "YH2_4", 250, 50, "B", "DIP", "YGPB2", "", "C", 70.866, 70.866, 43.308, 43.308, 180],
		[212, "YH2_5", 350, -50, "T", "DIP", "YGPB5", "", "C", 70.866, 70.866, 43.308, 43.308, 180],
		[213, "YH2_5", 350, -50, "B", "DIP", "YGPB5", "", "C", 70.866, 70.866, 43.308, 43.308, 180],
		[214, "YH2_6", 350, 50, "T", "DIP", "YGPB4", "", "C", 70.866, 70.866, 43.308, 43.308, 180],
		[215, "YH2_6", 350, 50, "B", "DIP", "YGPB4", "", "C", 70.866, 70.866, 43.308, 43.308, 180],
		[216, "YH2_7", 450, -50, "T", "DIP", "YGPB7", "", "C", 70.866, 70.866, 43.308, 43.308, 180],
		[217, "YH2_7", 450, -50, "B", "DIP", "YGPB7", "", "C", 70.866, 70.866, 43.308, 43.308, 180],
		[218, "YH2_8", 450, 50, "T", "DIP", "YGPB6", "", "C", 70.866, 70.866, 43.308, 43.308, 180],
		[219, "YH2_8", 450, 50, "B", "DIP", "YGPB6", "", "C", 70.866, 70.866, 43.308, 43.308, 180],
		[220, "PAD1_1", 1100, 900, "T", "DIP", "GND", "GND", "R", 70.866, 70.866, 43.308, 43.308, 90],
		[221, "PAD1_1", 1100, 900, "B", "DIP", "GND", "GND", "R", 70.866, 70.866, 43.308, 43.308, 90],
		[222, "PAD2_2", 1100, 1000, "T", "DIP", "VBAT", "", "C", 70.866, 70.866, 43.308, 43.308, 90],
		[223, "PAD2_2", 1100, 1000, "B", "DIP", "VBAT", "", "C", 70.866, 70.866, 43.308, 43.308, 90],
		[224, "PAD3_2", 840, 567.56, "T", "SMD", "VIN", "", "R", 31.496, 35.433, 0, 0, 90],
		[225, "PAD4_1", 840, 512.44, "T", "SMD", "GND", "GND", "R", 31.496, 35.433, 0, 0, 90],
		[226, "PAD5_2", 590, 572.56, "T", "SMD", "3V3", "", "R", 31.496, 35.433, 0, 0, 90],
		[227, "PAD6_1", 590, 517.44, "T", "SMD", "GND", "GND", "R", 31.496, 35.433, 0, 0, 90],
		[228, "PAD7_2", 607.56, 790, "T", "SMD", "GND", "GND", "R", 31.496, 35.433, 0, 0, 90],
		[229, "PAD8_1", 607.56, 734.88, "T", "SMD", "PWRAUX3", "", "R", 31.496, 35.433, 0, 0, 90],
		[230, "PAD9_2", 962.56, 393.9, "T", "SMD", "GND", "GND", "R", 31.106, 21.26, 0, 0, 90],
		[231, "PAD10_1", 962.56, 350.98, "T", "SMD", "VBUS", "", "R", 31.106, 21.26, 0, 0, 90],
		[232, "PAD11_2", 852.44, 890, "T", "SMD", "VBAT", "", "R", 31.496, 35.433, 0, 0, 180],
		[233, "PAD12_1", 907.56, 890, "T", "SMD", "GND", "GND", "R", 31.496, 35.433, 0, 0, 180],
		[234, "PAD13_1", 900, 1200, "T", "DIP", "GND", "GND", "R", 70, 70.866, 43.308, 43.308, 0],
		[235, "PAD13_1", 900, 1200, "B", "DIP", "GND", "GND", "R", 70, 70.866, 43.308, 43.308, 0],
		[236, "PAD14_2", 900, 1100, "T", "DIP", "GND", "GND", "C", 70.866, 70.866, 43.308, 43.308, 0],
		[237, "PAD14_2", 900, 1100, "B", "DIP", "GND", "GND", "C", 70.866, 70.866, 43.308, 43.308, 0],
		[238, "PAD15_3", 800, 1200, "T", "DIP", "GND", "GND", "C", 70.866, 70.866, 43.308, 43.308, 0],
		[239, "PAD15_3", 800, 1200, "B", "DIP", "GND", "GND", "C", 70.866, 70.866, 43.308, 43.308, 0],
		[240, "PAD16_4", 800, 1100, "T", "DIP", "GND", "GND", "C", 70.866, 70.866, 43.308, 43.308, 0],
		[241, "PAD16_4", 800, 1100, "B", "DIP", "GND", "GND", "C", 70.866, 70.866, 43.308, 43.308, 0],
		[242, "PAD17_5", 700, 1200, "T", "DIP", "GND", "GND", "C", 70.866, 70.866, 43.308, 43.308, 0],
		[243, "PAD17_5", 700, 1200, "B", "DIP", "GND", "GND", "C", 70.866, 70.866, 43.308, 43.308, 0],
		[244, "PAD18_6", 700, 1100, "T", "DIP", "GND", "GND", "C", 70.866, 70.866, 43.308, 43.308, 0],
		[245, "PAD18_6", 700, 1100, "B", "DIP", "GND", "GND", "C", 70.866, 70.866, 43.308, 43.308, 0],
		[246, "PAD19_7", 600, 1200, "T", "DIP", "GND", "GND", "C", 70.866, 70.866, 43.308, 43.308, 0],
		[247, "PAD19_7", 600, 1200, "B", "DIP", "GND", "GND", "C", 70.866, 70.866, 43.308, 43.308, 0],
		[248, "PAD20_8", 600, 1100, "T", "DIP", "GND", "GND", "C", 70.866, 70.866, 43.308, 43.308, 0],
		[249, "PAD20_8", 600, 1100, "B", "DIP", "GND", "GND", "C", 70.866, 70.866, 43.308, 43.308, 0],
		[250, "PAD21_1", 600, -50, "T", "DIP", "SCL", "", "R", 70, 70.866, 43.308, 43.308, 180],
		[251, "PAD21_1", 600, -50, "B", "DIP", "SCL", "", "R", 70, 70.866, 43.308, 43.308, 180],
		[252, "PAD22_2", 600, 50, "T", "DIP", "SCL", "", "C", 70.866, 70.866, 43.308, 43.308, 180],
		[253, "PAD22_2", 600, 50, "B", "DIP", "SCL", "", "C", 70.866, 70.866, 43.308, 43.308, 180],
		[254, "PAD23_3", 700, -50, "T", "DIP", "SDA", "", "C", 70.866, 70.866, 43.308, 43.308, 180],
		[255, "PAD23_3", 700, -50, "B", "DIP", "SDA", "", "C", 70.866, 70.866, 43.308, 43.308, 180],
		[256, "PAD24_4", 700, 50, "T", "DIP", "SDA", "", "C", 70.866, 70.866, 43.308, 43.308, 180],
		[257, "PAD24_4", 700, 50, "B", "DIP", "SDA", "", "C", 70.866, 70.866, 43.308, 43.308, 180],
		[258, "PAD25_5", 800, -50, "T", "DIP", "WAKEUP", "", "C", 70.866, 70.866, 43.308, 43.308, 180],
		[259, "PAD25_5", 800, -50, "B", "DIP", "WAKEUP", "", "C", 70.866, 70.866, 43.308, 43.308, 180],
		[260, "PAD26_6", 800, 50, "T", "DIP", "CHARGING_", "", "C", 70.866, 70.866, 43.308, 43.308, 180],
		[261, "PAD26_6", 800, 50, "B", "DIP", "CHARGING_", "", "C", 70.866, 70.866, 43.308, 43.308, 180],
		[262, "PAD27_7", 900, -50, "T", "DIP", "GND", "GND", "C", 70.866, 70.866, 43.308, 43.308, 180],
		[263, "PAD27_7", 900, -50, "B", "DIP", "GND", "GND", "C", 70.866, 70.866, 43.308, 43.308, 180],
		[264, "PAD28_8", 900, 50, "T", "DIP", "3V3", "", "C", 70.866, 70.866, 43.308, 43.308, 180],
		[265, "PAD28_8", 900, 50, "B", "DIP", "3V3", "", "C", 70.866, 70.866, 43.308, 43.308, 180],
		[266, "PAD29_1", 674.96, 401.81, "T", "SMD", "$3N12427", "", "R", 49.213, 27.559, 0, 0, 90],
		[267, "PAD30_2", 600.16, 401.81, "T", "SMD", "$3N12421", "", "R", 49.213, 27.559, 0, 0, 90],
		[268, "PAD31_3", 637.56, 323.07, "T", "SMD", "WAKEUP", "", "R", 49.213, 27.559, 0, 0, 90],
		[269, "PAD32_2", 676.969, 722.44, "T", "SMD", "PWRAUX3", "", "R", 23.622, 14.173, 0, 0, 180],
		[270, "PAD33_1", 728.15, 722.44, "T", "SMD", "VIN", "", "R", 23.622, 14.173, 0, 0, 180],
		[271, "PAD34_1", 293.23, 656.71, "T", "SMD", "XGPB4", "", "O", 14.331, 41.535, 0, 0, 0],
		[272, "PAD35_2", 318.82, 656.71, "T", "SMD", "XGPB5", "", "O", 14.331, 41.535, 0, 0, 0],
		[273, "PAD36_3", 344.41, 656.71, "T", "SMD", "XGPB6", "", "O", 14.331, 41.535, 0, 0, 0],
		[274, "PAD37_4", 370, 656.71, "T", "SMD", "XGPB7", "", "O", 14.331, 41.535, 0, 0, 0],
		[275, "PAD38_5", 395.59, 656.71, "T", "SMD", "3V3", "", "O", 14.331, 41.535, 0, 0, 0],
		[276, "PAD39_6", 421.18, 656.71, "T", "SMD", "GND", "GND", "O", 14.331, 41.535, 0, 0, 0],
		[277, "PAD40_8", 483.29, 693.23, "T", "SMD", "SCL", "", "O", 41.535, 14.331, 0, 0, 0],
		[278, "PAD41_9", 483.29, 718.82, "T", "SMD", "SDA", "", "O", 41.535, 14.331, 0, 0, 0],
		[279, "PAD42_11", 483.29, 770, "T", "SMD", "3V3", "", "O", 41.535, 14.331, 0, 0, 0],
		[280, "PAD43_12", 483.29, 795.59, "T", "SMD", "3V3", "", "O", 41.535, 14.331, 0, 0, 0],
		[281, "PAD44_13", 483.29, 821.18, "T", "SMD", "3V3", "", "O", 41.535, 14.331, 0, 0, 0],
		[282, "PAD45_14", 483.29, 846.77, "T", "SMD", "3V3", "", "O", 41.535, 14.331, 0, 0, 0],
		[283, "PAD46_16", 421.18, 883.29, "T", "SMD", "$3N12427", "", "O", 14.331, 41.535, 0, 0, 0],
		[284, "PAD47_17", 395.59, 883.29, "T", "SMD", "XGPA0", "", "O", 14.331, 41.535, 0, 0, 0],
		[285, "PAD48_18", 370, 883.29, "T", "SMD", "XGPA1", "", "O", 14.331, 41.535, 0, 0, 0],
		[286, "PAD49_19", 344.41, 883.29, "T", "SMD", "XGPA2", "", "O", 14.331, 41.535, 0, 0, 0],
		[287, "PAD50_20", 318.82, 883.29, "T", "SMD", "XGPA3", "", "O", 14.331, 41.535, 0, 0, 0],
		[288, "PAD51_21", 293.23, 883.29, "T", "SMD", "XGPA4", "", "O", 14.331, 41.535, 0, 0, 0],
		[289, "PAD52_22", 256.71, 846.77, "T", "SMD", "XGPA5", "", "O", 41.535, 14.331, 0, 0, 0],
		[290, "PAD53_23", 256.71, 821.18, "T", "SMD", "XGPA6", "", "O", 41.535, 14.331, 0, 0, 0],
		[291, "PAD54_24", 256.71, 795.59, "T", "SMD", "XGPA7", "", "O", 41.535, 14.331, 0, 0, 0],
		[292, "PAD55_25", 256.71, 770, "T", "SMD", "XGPB0", "", "O", 41.535, 14.331, 0, 0, 0],
		[293, "PAD56_26", 256.71, 744.41, "T", "SMD", "XGPB1", "", "O", 41.535, 14.331, 0, 0, 0],
		[294, "PAD57_27", 256.71, 718.82, "T", "SMD", "XGPB2", "", "O", 41.535, 14.331, 0, 0, 0],
		[295, "PAD58_28", 256.71, 693.23, "T", "SMD", "XGPB3", "", "O", 41.535, 14.331, 0, 0, 0],
		[296, "PAD59_29", 370, 770, "T", "SMD", "GND", "GND", "R", 145.669, 145.669, 0, 0, 0],
		[297, "PAD60_1", 293.23, 256.71, "T", "SMD", "YGPB4", "", "O", 14.331, 41.535, 0, 0, 0],
		[298, "PAD61_2", 318.82, 256.71, "T", "SMD", "YGPB5", "", "O", 14.331, 41.535, 0, 0, 0],
		[299, "PAD62_3", 344.41, 256.71, "T", "SMD", "YGPB6", "", "O", 14.331, 41.535, 0, 0, 0],
		[300, "PAD63_4", 370, 256.71, "T", "SMD", "YGPB7", "", "O", 14.331, 41.535, 0, 0, 0],
		[301, "PAD64_5", 395.59, 256.71, "T", "SMD", "3V3", "", "O", 14.331, 41.535, 0, 0, 0],
		[302, "PAD65_6", 421.18, 256.71, "T", "SMD", "GND", "GND", "O", 14.331, 41.535, 0, 0, 0],
		[303, "PAD66_8", 483.29, 293.23, "T", "SMD", "SCL", "", "O", 41.535, 14.331, 0, 0, 0],
		[304, "PAD67_9", 483.29, 318.82, "T", "SMD", "SDA", "", "O", 41.535, 14.331, 0, 0, 0],
		[305, "PAD68_11", 483.29, 370, "T", "SMD", "GND", "GND", "O", 41.535, 14.331, 0, 0, 0],
		[306, "PAD69_12", 483.29, 395.59, "T", "SMD", "GND", "GND", "O", 41.535, 14.331, 0, 0, 0],
		[307, "PAD70_13", 483.29, 421.18, "T", "SMD", "GND", "GND", "O", 41.535, 14.331, 0, 0, 0],
		[308, "PAD71_14", 483.29, 446.77, "T", "SMD", "3V3", "", "O", 41.535, 14.331, 0, 0, 0],
		[309, "PAD72_16", 421.18, 483.29, "T", "SMD", "$3N12421", "", "O", 14.331, 41.535, 0, 0, 0],
		[310, "PAD73_17", 395.59, 483.29, "T", "SMD", "YGPA0", "", "O", 14.331, 41.535, 0, 0, 0],
		[311, "PAD74_18", 370, 483.29, "T", "SMD", "YGPA1", "", "O", 14.331, 41.535, 0, 0, 0],
		[312, "PAD75_19", 344.41, 483.29, "T", "SMD", "YGPA2", "", "O", 14.331, 41.535, 0, 0, 0],
		[313, "PAD76_20", 318.82, 483.29, "T", "SMD", "YGPA3", "", "O", 14.331, 41.535, 0, 0, 0],
		[314, "PAD77_21", 293.23, 483.29, "T", "SMD", "YGPA4", "", "O", 14.331, 41.535, 0, 0, 0],
		[315, "PAD78_22", 256.71, 446.77, "T", "SMD", "YGPA5", "", "O", 41.535, 14.331, 0, 0, 0],
		[316, "PAD79_23", 256.71, 421.18, "T", "SMD", "YGPA6", "", "O", 41.535, 14.331, 0, 0, 0],
		[317, "PAD80_24", 256.71, 395.59, "T", "SMD", "YGPA7", "", "O", 41.535, 14.331, 0, 0, 0],
		[318, "PAD81_25", 256.71, 370, "T", "SMD", "YGPB0", "", "O", 41.535, 14.331, 0, 0, 0],
		[319, "PAD82_26", 256.71, 344.41, "T", "SMD", "YGPB1", "", "O", 41.535, 14.331, 0, 0, 0],
		[320, "PAD83_27", 256.71, 318.82, "T", "SMD", "YGPB2", "", "O", 41.535, 14.331, 0, 0, 0],
		[321, "PAD84_28", 256.71, 293.23, "T", "SMD", "YGPB3", "", "O", 41.535, 14.331, 0, 0, 0],
		[322, "PAD85_29", 370, 370, "T", "SMD", "GND", "GND", "R", 145.669, 145.669, 0, 0, 0],
		[323, "PAD86_1", 1100, 150, "T", "DIP", "GND", "GND", "R", 70.866, 70.866, 43.308, 43.308, 90],
		[324, "PAD86_1", 1100, 150, "B", "DIP", "GND", "GND", "R", 70.866, 70.866, 43.308, 43.308, 90],
		[325, "PAD87_2", 1100, 250, "T", "DIP", "VBUS", "", "C", 70.866, 70.866, 43.308, 43.308, 90],
		[326, "PAD87_2", 1100, 250, "B", "DIP", "VBUS", "", "C", 70.866, 70.866, 43.308, 43.308, 90],
		[327, "PAD88_1", 781.71, 768.19, "T", "SMD", "PWRAUX3", "", "R", 19.252, 11.575, 0, 0, 180],
		[328, "PAD89_2", 781.71, 736.69, "T", "SMD", "VIN", "", "R", 19.252, 11.575, 0, 0, 180],
		[329, "PAD90_3", 823.41, 752.44, "T", "SMD", "VBAT", "", "R", 19.252, 17.087, 0, 0, 180],
		[330, "PAD91_2", 762.56, 525.4, "T", "SMD", "PWRAUX1", "", "R", 22.27, 21.26, 0, 0, 270],
		[331, "PAD92_1", 762.56, 559.48, "T", "SMD", "VIN", "", "R", 22.27, 21.26, 0, 0, 270],
		[332, "PAD93_2", 719.6, 797.44, "T", "SMD", "PWRAUX3", "", "R", 22.27, 21.26, 0, 0, 0],
		[333, "PAD94_1", 685.52, 797.44, "T", "SMD", "GND", "GND", "R", 22.27, 21.26, 0, 0, 0],
		[334, "PAD95_2", 962.56, 574.48, "T", "SMD", "PWRAUX2", "", "R", 22.27, 21.26, 0, 0, 90],
		[335, "PAD96_1", 962.56, 540.4, "T", "SMD", "GND", "GND", "R", 22.27, 21.26, 0, 0, 90],
		[336, "PAD97_2", 912.565, 750.747, "T", "SMD", "GND", "GND", "R", 23.622, 39.37, 0, 0, 180],
		[337, "PAD98_3", 875.165, 750.747, "T", "SMD", "VBAT", "", "R", 23.622, 39.37, 0, 0, 180],
		[338, "PAD99_1", 949.955, 750.747, "T", "SMD", "CHARGING_", "", "R", 23.622, 39.37, 0, 0, 180],
		[339, "PAD100_4", 875.155, 664.127, "T", "SMD", "VBUS", "", "R", 23.622, 39.37, 0, 0, 180],
		[340, "PAD101_5", 949.965, 664.127, "T", "SMD", "PWRAUX2", "", "R", 23.622, 39.37, 0, 0, 180],
		[341, "PAD102_5", 687.56, 542.44, "T", "SMD", "GND", "GND", "R", 17.717, 17.717, 0, 0, 315],
		[342, "PAD103_2", 668.85, 529.64, "T", "SMD", "GND", "GND", "P", 15.748, 7.874, 0, 0, 270],
		[343, "PAD104_4", 706.27, 555.24, "T", "SMD", "VIN", "", "P", 15.748, 7.875, 0, 0, 270],
		[344, "PAD105_3", 706.26, 529.64, "T", "SMD", "PWRAUX1", "", "P", 15.749, 7.875, 0, 0, 270],
		[345, "PAD106_1", 668.85, 555.24, "T", "SMD", "3V3", "", "P", 17.717, 7.874, 0, 0, 270],
		[346, "PAD107_1", 450, 1200, "T", "DIP", "XGPA0", "", "R", 70, 70.866, 43.308, 43.308, 0],
		[347, "PAD107_1", 450, 1200, "B", "DIP", "XGPA0", "", "R", 70, 70.866, 43.308, 43.308, 0],
		[348, "PAD108_2", 450, 1100, "T", "DIP", "XGPA1", "", "C", 70.866, 70.866, 43.308, 43.308, 0],
		[349, "PAD108_2", 450, 1100, "B", "DIP", "XGPA1", "", "C", 70.866, 70.866, 43.308, 43.308, 0],
		[350, "PAD109_3", 350, 1200, "T", "DIP", "XGPA2", "", "C", 70.866, 70.866, 43.308, 43.308, 0],
		[351, "PAD109_3", 350, 1200, "B", "DIP", "XGPA2", "", "C", 70.866, 70.866, 43.308, 43.308, 0],
		[352, "PAD110_4", 350, 1100, "T", "DIP", "XGPA3", "", "C", 70.866, 70.866, 43.308, 43.308, 0],
		[353, "PAD110_4", 350, 1100, "B", "DIP", "XGPA3", "", "C", 70.866, 70.866, 43.308, 43.308, 0],
		[354, "PAD111_5", 250, 1200, "T", "DIP", "XGPA4", "", "C", 70.866, 70.866, 43.308, 43.308, 0],
		[355, "PAD111_5", 250, 1200, "B", "DIP", "XGPA4", "", "C", 70.866, 70.866, 43.308, 43.308, 0],
		[356, "PAD112_6", 250, 1100, "T", "DIP", "XGPA5", "", "C", 70.866, 70.866, 43.308, 43.308, 0],
		[357, "PAD112_6", 250, 1100, "B", "DIP", "XGPA5", "", "C", 70.866, 70.866, 43.308, 43.308, 0],
		[358, "PAD113_7", 150, 1200, "T", "DIP", "XGPA6", "", "C", 70.866, 70.866, 43.308, 43.308, 0],
		[359, "PAD113_7", 150, 1200, "B", "DIP", "XGPA6", "", "C", 70.866, 70.866, 43.308, 43.308, 0],
		[360, "PAD114_8", 150, 1100, "T", "DIP", "XGPA7", "", "C", 70.866, 70.866, 43.308, 43.308, 0],
		[361, "PAD114_8", 150, 1100, "B", "DIP", "XGPA7", "", "C", 70.866, 70.866, 43.308, 43.308, 0],
		[362, "PAD115_1", -50, 1000, "T", "DIP", "XGPB1", "", "R", 70, 70.866, 43.308, 43.308, 90],
		[363, "PAD115_1", -50, 1000, "B", "DIP", "XGPB1", "", "R", 70, 70.866, 43.308, 43.308, 90],
		[364, "PAD116_2", 50, 1000, "T", "DIP", "XGPB0", "", "C", 70.866, 70.866, 43.308, 43.308, 90],
		[365, "PAD116_2", 50, 1000, "B", "DIP", "XGPB0", "", "C", 70.866, 70.866, 43.308, 43.308, 90],
		[366, "PAD117_3", -50, 900, "T", "DIP", "XGPB3", "", "C", 70.866, 70.866, 43.308, 43.308, 90],
		[367, "PAD117_3", -50, 900, "B", "DIP", "XGPB3", "", "C", 70.866, 70.866, 43.308, 43.308, 90],
		[368, "PAD118_4", 50, 900, "T", "DIP", "XGPB2", "", "C", 70.866, 70.866, 43.308, 43.308, 90],
		[369, "PAD118_4", 50, 900, "B", "DIP", "XGPB2", "", "C", 70.866, 70.866, 43.308, 43.308, 90],
		[370, "PAD119_5", -50, 800, "T", "DIP", "XGPB5", "", "C", 70.866, 70.866, 43.308, 43.308, 90],
		[371, "PAD119_5", -50, 800, "B", "DIP", "XGPB5", "", "C", 70.866, 70.866, 43.308, 43.308, 90],
		[372, "PAD120_6", 50, 800, "T", "DIP", "XGPB4", "", "C", 70.866, 70.866, 43.308, 43.308, 90],
		[373, "PAD120_6", 50, 800, "B", "DIP", "XGPB4", "", "C", 70.866, 70.866, 43.308, 43.308, 90],
		[374, "PAD121_7", -50, 700, "T", "DIP", "XGPB7", "", "C", 70.866, 70.866, 43.308, 43.308, 90],
		[375, "PAD121_7", -50, 700, "B", "DIP", "XGPB7", "", "C", 70.866, 70.866, 43.308, 43.308, 90],
		[376, "PAD122_8", 50, 700, "T", "DIP", "XGPB6", "", "C", 70.866, 70.866, 43.308, 43.308, 90],
		[377, "PAD122_8", 50, 700, "B", "DIP", "XGPB6", "", "C", 70.866, 70.866, 43.308, 43.308, 90],
		[378, "PAD123_1", -50, 450, "T", "DIP", "YGPA0", "", "R", 70, 70.866, 43.308, 43.308, 90],
		[379, "PAD123_1", -50, 450, "B", "DIP", "YGPA0", "", "R", 70, 70.866, 43.308, 43.308, 90],
		[380, "PAD124_2", 50, 450, "T", "DIP", "YGPA1", "", "C", 70.866, 70.866, 43.308, 43.308, 90],
		[381, "PAD124_2", 50, 450, "B", "DIP", "YGPA1", "", "C", 70.866, 70.866, 43.308, 43.308, 90],
		[382, "PAD125_3", -50, 350, "T", "DIP", "YGPA2", "", "C", 70.866, 70.866, 43.308, 43.308, 90],
		[383, "PAD125_3", -50, 350, "B", "DIP", "YGPA2", "", "C", 70.866, 70.866, 43.308, 43.308, 90],
		[384, "PAD126_4", 50, 350, "T", "DIP", "YGPA3", "", "C", 70.866, 70.866, 43.308, 43.308, 90],
		[385, "PAD126_4", 50, 350, "B", "DIP", "YGPA3", "", "C", 70.866, 70.866, 43.308, 43.308, 90],
		[386, "PAD127_5", -50, 250, "T", "DIP", "YGPA4", "", "C", 70.866, 70.866, 43.308, 43.308, 90],
		[387, "PAD127_5", -50, 250, "B", "DIP", "YGPA4", "", "C", 70.866, 70.866, 43.308, 43.308, 90],
		[388, "PAD128_6", 50, 250, "T", "DIP", "YGPA5", "", "C", 70.866, 70.866, 43.308, 43.308, 90],
		[389, "PAD128_6", 50, 250, "B", "DIP", "YGPA5", "", "C", 70.866, 70.866, 43.308, 43.308, 90],
		[390, "PAD129_7", -50, 150, "T", "DIP", "YGPA6", "", "C", 70.866, 70.866, 43.308, 43.308, 90],
		[391, "PAD129_7", -50, 150, "B", "DIP", "YGPA6", "", "C", 70.866, 70.866, 43.308, 43.308, 90],
		[392, "PAD130_8", 50, 150, "T", "DIP", "YGPA7", "", "C", 70.866, 70.866, 43.308, 43.308, 90],
		[393, "PAD130_8", 50, 150, "B", "DIP", "YGPA7", "", "C", 70.866, 70.866, 43.308, 43.308, 90],
		[394, "PAD131_1", 150, -50, "T", "DIP", "YGPB1", "", "R", 70, 70.866, 43.308, 43.308, 180],
		[395, "PAD131_1", 150, -50, "B", "DIP", "YGPB1", "", "R", 70, 70.866, 43.308, 43.308, 180],
		[396, "PAD132_2", 150, 50, "T", "DIP", "YGPB0", "", "C", 70.866, 70.866, 43.308, 43.308, 180],
		[397, "PAD132_2", 150, 50, "B", "DIP", "YGPB0", "", "C", 70.866, 70.866, 43.308, 43.308, 180],
		[398, "PAD133_3", 250, -50, "T", "DIP", "YGPB3", "", "C", 70.866, 70.866, 43.308, 43.308, 180],
		[399, "PAD133_3", 250, -50, "B", "DIP", "YGPB3", "", "C", 70.866, 70.866, 43.308, 43.308, 180],
		[400, "PAD134_4", 250, 50, "T", "DIP", "YGPB2", "", "C", 70.866, 70.866, 43.308, 43.308, 180],
		[401, "PAD134_4", 250, 50, "B", "DIP", "YGPB2", "", "C", 70.866, 70.866, 43.308, 43.308, 180],
		[402, "PAD135_5", 350, -50, "T", "DIP", "YGPB5", "", "C", 70.866, 70.866, 43.308, 43.308, 180],
		[403, "PAD135_5", 350, -50, "B", "DIP", "YGPB5", "", "C", 70.866, 70.866, 43.308, 43.308, 180],
		[404, "PAD136_6", 350, 50, "T", "DIP", "YGPB4", "", "C", 70.866, 70.866, 43.308, 43.308, 180],
		[405, "PAD136_6", 350, 50, "B", "DIP", "YGPB4", "", "C", 70.866, 70.866, 43.308, 43.308, 180],
		[406, "PAD137_7", 450, -50, "T", "DIP", "YGPB7", "", "C", 70.866, 70.866, 43.308, 43.308, 180],
		[407, "PAD137_7", 450, -50, "B", "DIP", "YGPB7", "", "C", 70.866, 70.866, 43.308, 43.308, 180],
		[408, "PAD138_8", 450, 50, "T", "DIP", "YGPB6", "", "C", 70.866, 70.866, 43.308, 43.308, 180],
		[409, "PAD138_8", 450, 50, "B", "DIP", "YGPB6", "", "C", 70.866, 70.866, 43.308, 43.308, 180],
		[410, "PAD139_2", 785.81, 386.52, "T", "SMD", "3V3", "", "R", 22.27, 21.26, 0, 0, 90],
		[411, "PAD140_1", 785.81, 352.44, "T", "SMD", "SCL", "", "R", 22.27, 21.26, 0, 0, 90],
		[412, "PAD141_2", 864.89, 386.54, "T", "SMD", "3V3", "", "R", 22.27, 21.26, 0, 0, 90],
		[413, "PAD142_1", 864.89, 352.46, "T", "SMD", "SDA", "", "R", 22.27, 21.26, 0, 0, 90],
		[414, "PAD143_2", 1058.089, 662.416, "T", "SMD", "VBAT", "", "R", 31.496, 35.433, 0, 0, 180],
		[415, "PAD144_1", 1113.209, 662.416, "T", "SMD", "GND", "GND", "R", 31.496, 35.433, 0, 0, 180],
		[416, "PAD145_1", 1114.53, 576.91, "T", "SMD", "GND", "GND", "R", 11.024, 16.732, 0, 0, 180],
		[417, "PAD146_2", 1094.84, 576.91, "T", "SMD", "VBAT", "", "R", 11.024, 16.732, 0, 0, 180],
		[418, "PAD147_3", 1075.16, 576.91, "T", "SMD", "VBAT", "", "R", 11.024, 16.732, 0, 0, 180],
		[419, "PAD148_4", 1055.47, 576.91, "T", "SMD", "GND", "GND", "R", 11.024, 16.732, 0, 0, 180],
		[420, "PAD149_6", 1075.16, 503.09, "T", "SMD", "GND", "GND", "R", 11.024, 16.732, 0, 0, 180],
		[421, "PAD150_7", 1094.84, 503.09, "T", "SMD", "SCL", "", "R", 11.024, 16.732, 0, 0, 180],
		[422, "PAD151_8", 1114.53, 503.09, "T", "SMD", "SDA", "", "R", 11.024, 16.732, 0, 0, 180],
		[423, "PAD152_9", 1085, 540, "T", "SMD", "GND", "GND", "R", 47.244, 31.496, 0, 0, 180]
	]
}
}