{
"lengthUnit": "mil",
"remark": [],
"components": {
	"fields": ["COMPONENT_NO", "COMPONENT_NAME", "LAYER", "X_COORDINATE", "Y_COORDINATE", "ANGLE"],
	"rows": [
		[1, "D1", "T", 760, 665, 270],
		[2, "D2", "T", 800, 905, 90],
		[3, "DEVKIT1", "T", 560, 400, 180],
		[4, "DEVKIT2", "T", 1015, 1175, 0],
		[5, "EXT1", "T", 555, 690, 270],
		[6, "EXT2", "T", 1005, 880.3, 90],
		[7, "SCREW1", "T", 1475, 1175, 0],
		[8, "SCREW2", "T", 1475, 400, 0],
		[9, "SCREW3", "T", 100, 400, 0],
		[10, "SCREW4", "T", 100, 1175, 0],
		[11, "XH1", "T", 410, 1015, 180],
		[12, "XH2", "T", 210, 715, 270],
		[13, "YH1", "T", 1165, 560, 0],
		[14, "YH2", "T", 1365, 860, 90],
		[15, "PAD1", "T", 760, 596.695, 0],
		[16, "PAD2", "T", 760, 733.305, 0],
		[17, "PAD3", "T", 800, 973.305, 0],
		[18, "PAD4", "T", 800, 836.695, 0],
		[19, "PAD5", "T", 441.71, 766.77, 0],
		[20, "PAD6", "T", 441.71, 741.18, 0],
		[21, "PAD7", "T", 441.71, 715.59, 0],
		[22, "PAD8", "T", 441.71, 690, 0],
		[23, "PAD9", "T", 441.71, 664.41, 0],
		[24, "PAD10", "T", 441.71, 638.82, 0],
		[25, "PAD11", "T", 441.71, 613.23, 0],
		[26, "PAD12", "T", 478.23, 576.71, 0],
		[27, "PAD13", "T", 503.82, 576.71, 0],
		[28, "PAD14", "T", 529.41, 576.71, 0],
		[29, "PAD15", "T", 580.59, 576.71, 0],
		[30, "PAD16", "T", 606.18, 576.71, 0],
		[31, "PAD17", "T", 668.29, 613.23, 0],
		[32, "PAD18", "T", 668.29, 638.82, 0],
		[33, "PAD19", "T", 668.29, 664.41, 0],
		[34, "PAD20", "T", 668.29, 690, 0],
		[35, "PAD21", "T", 668.29, 741.18, 0],
		[36, "PAD22", "T", 668.29, 766.77, 0],
		[37, "PAD23", "T", 631.77, 803.29, 0],
		[38, "PAD24", "T", 606.18, 803.29, 0],
		[39, "PAD25", "T", 580.59, 803.29, 0],
		[40, "PAD26", "T", 555, 803.29, 0],
		[41, "PAD27", "T", 529.41, 803.29, 0],
		[42, "PAD28", "T", 503.82, 803.29, 0],
		[43, "PAD29", "T", 478.23, 803.29, 0],
		[44, "PAD30", "T", 555, 690, 0],
		[45, "PAD31", "T", 1118.29, 803.53, 0],
		[46, "PAD32", "T", 1118.29, 829.12, 0],
		[47, "PAD33", "T", 1118.29, 854.71, 0],
		[48, "PAD34", "T", 1118.29, 880.3, 0],
		[49, "PAD35", "T", 1118.29, 905.89, 0],
		[50, "PAD36", "T", 1118.29, 931.48, 0],
		[51, "PAD37", "T", 1118.29, 957.07, 0],
		[52, "PAD38", "T", 1081.77, 993.59, 0],
		[53, "PAD39", "T", 1056.18, 993.59, 0],
		[54, "PAD40", "T", 1030.59, 993.59, 0],
		[55, "PAD41", "T", 979.41, 993.59, 0],
		[56, "PAD42", "T", 953.82, 993.59, 0],
		[57, "PAD43", "T", 891.71, 957.07, 0],
		[58, "PAD44", "T", 891.71, 931.48, 0],
		[59, "PAD45", "T", 891.71, 905.89, 0],
		[60, "PAD46", "T", 891.71, 880.3, 0],
		[61, "PAD47", "T", 891.71, 829.12, 0],
		[62, "PAD48", "T", 891.71, 803.53, 0],
		[63, "PAD49", "T", 928.23, 767.01, 0],
		[64, "PAD50", "T", 953.82, 767.01, 0],
		[65, "PAD51", "T", 979.41, 767.01, 0],
		[66, "PAD52", "T", 1005, 767.01, 0],
		[67, "PAD53", "T", 1030.59, 767.01, 0],
		[68, "PAD54", "T", 1056.18, 767.01, 0],
		[69, "PAD55", "T", 1081.77, 767.01, 0],
		[70, "PAD56", "T", 1005, 880.3, 0],
		[71, "PAD57", "T", 560, 1065, 0],
		[72, "PAD57", "B", 560, 1065, 0],
		[73, "PAD58", "T", 560, 965, 0],
		[74, "PAD58", "B", 560, 965, 0],
		[75, "PAD59", "T", 460, 1065, 0],
		[76, "PAD59", "B", 460, 1065, 0],
		[77, "PAD60", "T", 460, 965, 0],
		[78, "PAD60", "B", 460, 965, 0],
		[79, "PAD61", "T", 360, 1065, 0],
		[80, "PAD61", "B", 360, 1065, 0],
		[81, "PAD62", "T", 360, 965, 0],
		[82, "PAD62", "B", 360, 965, 0],
		[83, "PAD63", "T", 260, 1065, 0],
		[84, "PAD63", "B", 260, 1065, 0],
		[85, "PAD64", "T", 260, 965, 0],
		[86, "PAD64", "B", 260, 965, 0],
		[87, "PAD65", "T", 160, 865, 0],
		[88, "PAD65", "B", 160, 865, 0],
		[89, "PAD66", "T", 260, 865, 0],
		[90, "PAD66", "B", 260, 865, 0],
		[91, "PAD67", "T", 160, 765, 0],
		[92, "PAD67", "B", 160, 765, 0],
		[93, "PAD68", "T", 260, 765, 0],
		[94, "PAD68", "B", 260, 765, 0],
		[95, "PAD69", "T", 160, 665, 0],
		[96, "PAD69", "B", 160, 665, 0],
		[97, "PAD70", "T", 260, 665, 0],
		[98, "PAD70", "B", 260, 665, 0],
		[99, "PAD71", "T", 160, 565, 0],
		[100, "PAD71", "B", 160, 565, 0],
		[101, "PAD72", "T", 260, 565, 0],
		[102, "PAD72", "B", 260, 565, 0],
		[103, "PAD73", "T", 1015, 510, 0],
		[104, "PAD73", "B", 1015, 510, 0],
		[105, "PAD74", "T", 1015, 610, 0],
		[106, "PAD74", "B", 1015, 610, 0],
		[107, "PAD75", "T", 1115, 510, 0],
		[108, "PAD75", "B", 1115, 510, 0],
		[109, "PAD76", "T", 1115, 610, 0],
		[110, "PAD76", "B", 1115, 610, 0],
		[111, "PAD77", "T", 1215, 510, 0],
		[112, "PAD77", "B", 1215, 510, 0],
		[113, "PAD78", "T", 1215, 610, 0],
		[114, "PAD78", "B", 1215, 610, 0],
		[115, "PAD79", "T", 1315, 510, 0],
		[116, "PAD79", "B", 1315, 510, 0],
		[117, "PAD80", "T", 1315, 610, 0],
		[118, "PAD80", "B", 1315, 610, 0],
		[119, "PAD81", "T", 1415, 710, 0],
		[120, "PAD81", "B", 1415, 710, 0],
		[121, "PAD82", "T", 1315, 710, 0],
		[122, "PAD82", "B", 1315, 710, 0],
		[123, "PAD83", "T", 1415, 810, 0],
		[124, "PAD83", "B", 1415, 810, 0],
		[125, "PAD84", "T", 1315, 810, 0],
		[126, "PAD84", "B", 1315, 810, 0],
		[127, "PAD85", "T", 1415, 910, 0],
		[128, "PAD85", "B", 1415, 910, 0],
		[129, "PAD86", "T", 1315, 910, 0],
		[130, "PAD86", "B", 1315, 910, 0],
		[131, "PAD87", "T", 1415, 1010, 0],
		[132, "PAD87", "B", 1415, 1010, 0],
		[133, "PAD88", "T", 1315, 1010, 0],
		[134, "PAD88", "B", 1315, 1010, 0],
		[135, "PAD89", "T", 860, 400, 0],
		[136, "PAD89", "B", 860, 400, 0],
		[137, "PAD90", "T", 760, 400, 0],
		[138, "PAD90", "B", 760, 400, 0],
		[139, "PAD91", "T", 660, 400, 0],
		[140, "PAD91", "B", 660, 400, 0],
		[141, "PAD92", "T", 560, 400, 0],
		[142, "PAD92", "B", 560, 400, 0],
		[143, "PAD93", "T", 460, 400, 0],
		[144, "PAD93", "B", 460, 400, 0],
		[145, "PAD94", "T", 360, 400, 0],
		[146, "PAD94", "B", 360, 400, 0],
		[147, "PAD95", "T", 260, 400, 0],
		[148, "PAD95", "B", 260, 400, 0],
		[149, "PAD96", "T", 715, 1175, 0],
		[150, "PAD96", "B", 715, 1175, 0],
		[151, "PAD97", "T", 815, 1175, 0],
		[152, "PAD97", "B", 815, 1175, 0],
		[153, "PAD98", "T", 915, 1175, 0],
		[154, "PAD98", "B", 915, 1175, 0],
		[155, "PAD99", "T", 1015, 1175, 0],
		[156, "PAD99", "B", 1015, 1175, 0],
		[157, "PAD100", "T", 1115, 1175, 0],
		[158, "PAD100", "B", 1115, 1175, 0],
		[159, "PAD101", "T", 1215, 1175, 0],
		[160, "PAD101", "B", 1215, 1175, 0],
		[161, "PAD102", "T", 1315, 1175, 0],
		[162, "PAD102", "B", 1315, 1175, 0]
	]
},
"pins": {
	"fields": ["PIN_NO", "PIN_NAME", "PIN_X", "PIN_Y", "LAYER", "PIN_TYPE", "NET_NAME", "NET_TYPE", "PAD_SHAPE", "PAD_SIZEX", "PAD_SIZEY", "HOLE_SIZE", "HOLE_LEN", "PAD_ANGLE"],
	"rows": [
		[1, "D1_1", 760, 733.305, "T", "SMD", "$1N593", "", "R", 43.307, 39.37, 0, 0, 270],
		[2, "D1_2", 760, 596.695, "T", "SMD", "WAKEUP", "", "R", 43.307, 39.37, 0, 0, 270],
		[3, "D2_1", 800, 836.695, "T", "SMD", "$1N5957", "", "R", 43.307, 39.37, 0, 0, 90],
		[4, "D2_2", 800, 973.305, "T", "SMD", "WAKEUP", "", "R", 43.307, 39.37, 0, 0, 90],
		[5, "DEVKIT1_1", 860, 400, "T", "DIP", "VCC", "", "R", 66.929, 66.929, 43.308, 43.308, 180],
		[6, "DEVKIT1_1", 860, 400, "B", "DIP", "VCC", "", "R", 66.929, 66.929, 43.308, 43.308, 180],
		[7, "DEVKIT1_2", 760, 400, "T", "DIP", "VCC", "", "C", 66.929, 66.929, 43.308, 43.308, 180],
		[8, "DEVKIT1_2", 760, 400, "B", "DIP", "VCC", "", "C", 66.929, 66.929, 43.308, 43.308, 180],
		[9, "DEVKIT1_3", 660, 400, "T", "DIP", "SCL", "", "C", 66.929, 66.929, 43.308, 43.308, 180],
		[10, "DEVKIT1_3", 660, 400, "B", "DIP", "SCL", "", "C", 66.929, 66.929, 43.308, 43.308, 180],
		[11, "DEVKIT1_4", 560, 400, "T", "DIP", "WAKEUP", "", "C", 66.929, 66.929, 43.308, 43.308, 180],
		[12, "DEVKIT1_4", 560, 400, "B", "DIP", "WAKEUP", "", "C", 66.929, 66.929, 43.308, 43.308, 180],
		[13, "DEVKIT1_5", 460, 400, "T", "DIP", "SDA", "", "C", 66.929, 66.929, 43.308, 43.308, 180],
		[14, "DEVKIT1_5", 460, 400, "B", "DIP", "SDA", "", "C", 66.929, 66.929, 43.308, 43.308, 180],
		[15, "DEVKIT1_6", 360, 400, "T", "DIP", "GND", "GND", "C", 66.929, 66.929, 43.308, 43.308, 180],
		[16, "DEVKIT1_6", 360, 400, "B", "DIP", "GND", "GND", "C", 66.929, 66.929, 43.308, 43.308, 180],
		[17, "DEVKIT1_7", 260, 400, "T", "DIP", "GND", "GND", "C", 66.929, 66.929, 43.308, 43.308, 180],
		[18, "DEVKIT1_7", 260, 400, "B", "DIP", "GND", "GND", "C", 66.929, 66.929, 43.308, 43.308, 180],
		[19, "DEVKIT2_1", 715, 1175, "T", "DIP", "VCC", "", "R", 66.929, 66.929, 43.308, 43.308, 0],
		[20, "DEVKIT2_1", 715, 1175, "B", "DIP", "VCC", "", "R", 66.929, 66.929, 43.308, 43.308, 0],
		[21, "DEVKIT2_2", 815, 1175, "T", "DIP", "VCC", "", "C", 66.929, 66.929, 43.308, 43.308, 0],
		[22, "DEVKIT2_2", 815, 1175, "B", "DIP", "VCC", "", "C", 66.929, 66.929, 43.308, 43.308, 0],
		[23, "DEVKIT2_3", 915, 1175, "T", "DIP", "SCL", "", "C", 66.929, 66.929, 43.308, 43.308, 0],
		[24, "DEVKIT2_3", 915, 1175, "B", "DIP", "SCL", "", "C", 66.929, 66.929, 43.308, 43.308, 0],
		[25, "DEVKIT2_4", 1015, 1175, "T", "DIP", "WAKEUP", "", "C", 66.929, 66.929, 43.308, 43.308, 0],
		[26, "DEVKIT2_4", 1015, 1175, "B", "DIP", "WAKEUP", "", "C", 66.929, 66.929, 43.308, 43.308, 0],
		[27, "DEVKIT2_5", 1115, 1175, "T", "DIP", "SDA", "", "C", 66.929, 66.929, 43.308, 43.308, 0],
		[28, "DEVKIT2_5", 1115, 1175, "B", "DIP", "SDA", "", "C", 66.929, 66.929, 43.308, 43.308, 0],
		[29, "DEVKIT2_6", 1215, 1175, "T", "DIP", "GND", "GND", "C", 66.929, 66.929, 43.308, 43.308, 0],
		[30, "DEVKIT2_6", 1215, 1175, "B", "DIP", "GND", "GND", "C", 66.929, 66.929, 43.308, 43.308, 0],
		[31, "DEVKIT2_7", 1315, 1175, "T", "DIP", "GND", "GND", "C", 66.929, 66.929, 43.308, 43.308, 0],
		[32, "DEVKIT2_7", 1315, 1175, "B", "DIP", "GND", "GND", "C", 66.929, 66.929, 43.308, 43.308, 0],
		[33, "EXT1_1", 441.71, 766.77, "T", "SMD", "XGPB0", "", "O", 14.331, 41.535, 0, 0, 270],
		[34, "EXT1_2", 441.71, 741.18, "T", "SMD", "XGPB1", "", "O", 14.331, 41.535, 0, 0, 270],
		[35, "EXT1_3", 441.71, 715.59, "T", "SMD", "XGPB2", "", "O", 14.331, 41.535, 0, 0, 270],
		[36, "EXT1_4", 441.71, 690, "T", "SMD", "XGPB3", "", "O", 14.331, 41.535, 0, 0, 270],
		[37, "EXT1_5", 441.71, 664.41, "T", "SMD", "XGPB4", "", "O", 14.331, 41.535, 0, 0, 270],
		[38, "EXT1_6", 441.71, 638.82, "T", "SMD", "XGPB5", "", "O", 14.331, 41.535, 0, 0, 270],
		[39, "EXT1_7", 441.71, 613.23, "T", "SMD", "XGPB6", "", "O", 14.331, 41.535, 0, 0, 270],
		[40, "EXT1_8", 478.23, 576.71, "T", "SMD", "XGPB7", "", "O", 41.535, 14.331, 0, 0, 270],
		[41, "EXT1_9", 503.82, 576.71, "T", "SMD", "VCC", "", "O", 41.535, 14.331, 0, 0, 270],
		[42, "EXT1_10", 529.41, 576.71, "T", "SMD", "GND", "GND", "O", 41.535, 14.331, 0, 0, 270],
		[43, "EXT1_11", 555, 576.71, "T", "SMD", "NET_1", "", "O", 41.535, 14.331, 0, 0, 270],
		[44, "EXT1_12", 580.59, 576.71, "T", "SMD", "SCL", "", "O", 41.535, 14.331, 0, 0, 270],
		[45, "EXT1_13", 606.18, 576.71, "T", "SMD", "SDA", "", "O", 41.535, 14.331, 0, 0, 270],
		[46, "EXT1_14", 631.77, 576.71, "T", "SMD", "NET_2", "", "O", 41.535, 14.331, 0, 0, 270],
		[47, "EXT1_15", 668.29, 613.23, "T", "SMD", "VCC", "", "O", 14.331, 41.535, 0, 0, 270],
		[48, "EXT1_16", 668.29, 638.82, "T", "SMD", "VCC", "", "O", 14.331, 41.535, 0, 0, 270],
		[49, "EXT1_17", 668.29, 664.41, "T", "SMD", "VCC", "", "O", 14.331, 41.535, 0, 0, 270],
		[50, "EXT1_18", 668.29, 690, "T", "SMD", "VCC", "", "O", 14.331, 41.535, 0, 0, 270],
		[51, "EXT1_19", 668.29, 715.59, "T", "SMD", "NET_3", "", "O", 14.331, 41.535, 0, 0, 270],
		[52, "EXT1_20", 668.29, 741.18, "T", "SMD", "$1N593", "", "O", 14.331, 41.535, 0, 0, 270],
		[53, "EXT1_21", 668.29, 766.77, "T", "SMD", "XGPA0", "", "O", 14.331, 41.535, 0, 0, 270],
		[54, "EXT1_22", 631.77, 803.29, "T", "SMD", "XGPA1", "", "O", 41.535, 14.331, 0, 0, 270],
		[55, "EXT1_23", 606.18, 803.29, "T", "SMD", "XGPA2", "", "O", 41.535, 14.331, 0, 0, 270],
		[56, "EXT1_24", 580.59, 803.29, "T", "SMD", "XGPA3", "", "O", 41.535, 14.331, 0, 0, 270],
		[57, "EXT1_25", 555, 803.29, "T", "SMD", "XGPA4", "", "O", 41.535, 14.331, 0, 0, 270],
		[58, "EXT1_26", 529.41, 803.29, "T", "SMD", "XGPA5", "", "O", 41.535, 14.331, 0, 0, 270],
		[59, "EXT1_27", 503.82, 803.29, "T", "SMD", "XGPA6", "", "O", 41.535, 14.331, 0, 0, 270],
		[60, "EXT1_28", 478.23, 803.29, "T", "SMD", "XGPA7", "", "O", 41.535, 14.331, 0, 0, 270],
		[61, "EXT1_29", 555, 690, "T", "SMD", "GND", "GND", "R", 145.669, 145.669, 0, 0, 270],
		[62, "EXT2_1", 1118.29, 803.53, "T", "SMD", "YGPB0", "", "O", 14.331, 41.535, 0, 0, 90],
		[63, "EXT2_2", 1118.29, 829.12, "T", "SMD", "YGPB1", "", "O", 14.331, 41.535, 0, 0, 90],
		[64, "EXT2_3", 1118.29, 854.71, "T", "SMD", "YGPB2", "", "O", 14.331, 41.535, 0, 0, 90],
		[65, "EXT2_4", 1118.29, 880.3, "T", "SMD", "YGPB3", "", "O", 14.331, 41.535, 0, 0, 90],
		[66, "EXT2_5", 1118.29, 905.89, "T", "SMD", "YGPB4", "", "O", 14.331, 41.535, 0, 0, 90],
		[67, "EXT2_6", 1118.29, 931.48, "T", "SMD", "YGPB5", "", "O", 14.331, 41.535, 0, 0, 90],
		[68, "EXT2_7", 1118.29, 957.07, "T", "SMD", "YGPB6", "", "O", 14.331, 41.535, 0, 0, 90],
		[69, "EXT2_8", 1081.77, 993.59, "T", "SMD", "YGPB7", "", "O", 41.535, 14.331, 0, 0, 90],
		[70, "EXT2_9", 1056.18, 993.59, "T", "SMD", "VCC", "", "O", 41.535, 14.331, 0, 0, 90],
		[71, "EXT2_10", 1030.59, 993.59, "T", "SMD", "GND", "GND", "O", 41.535, 14.331, 0, 0, 90],
		[72, "EXT2_11", 1005, 993.59, "T", "SMD", "NET_4", "", "O", 41.535, 14.331, 0, 0, 90],
		[73, "EXT2_12", 979.41, 993.59, "T", "SMD", "SCL", "", "O", 41.535, 14.331, 0, 0, 90],
		[74, "EXT2_13", 953.82, 993.59, "T", "SMD", "SDA", "", "O", 41.535, 14.331, 0, 0, 90],
		[75, "EXT2_14", 928.23, 993.59, "T", "SMD", "NET_5", "", "O", 41.535, 14.331, 0, 0, 90],
		[76, "EXT2_15", 891.71, 957.07, "T", "SMD", "GND", "GND", "O", 14.331, 41.535, 0, 0, 90],
		[77, "EXT2_16", 891.71, 931.48, "T", "SMD", "GND", "GND", "O", 14.331, 41.535, 0, 0, 90],
		[78, "EXT2_17", 891.71, 905.89, "T", "SMD", "GND", "GND", "O", 14.331, 41.535, 0, 0, 90],
		[79, "EXT2_18", 891.71, 880.3, "T", "SMD", "VCC", "", "O", 14.331, 41.535, 0, 0, 90],
		[80, "EXT2_19", 891.71, 854.71, "T", "SMD", "NET_6", "", "O", 14.331, 41.535, 0, 0, 90],
		[81, "EXT2_20", 891.71, 829.12, "T", "SMD", "$1N5957", "", "O", 14.331, 41.535, 0, 0, 90],
		[82, "EXT2_21", 891.71, 803.53, "T", "SMD", "YGPA0", "", "O", 14.331, 41.535, 0, 0, 90],
		[83, "EXT2_22", 928.23, 767.01, "T", "SMD", "YGPA1", "", "O", 41.535, 14.331, 0, 0, 90],
		[84, "EXT2_23", 953.82, 767.01, "T", "SMD", "YGPA2", "", "O", 41.535, 14.331, 0, 0, 90],
		[85, "EXT2_24", 979.41, 767.01, "T", "SMD", "YGPA3", "", "O", 41.535, 14.331, 0, 0, 90],
		[86, "EXT2_25", 1005, 767.01, "T", "SMD", "YGPA4", "", "O", 41.535, 14.331, 0, 0, 90],
		[87, "EXT2_26", 1030.59, 767.01, "T", "SMD", "YGPA5", "", "O", 41.535, 14.331, 0, 0, 90],
		[88, "EXT2_27", 1056.18, 767.01, "T", "SMD", "YGPA6", "", "O", 41.535, 14.331, 0, 0, 90],
		[89, "EXT2_28", 1081.77, 767.01, "T", "SMD", "YGPA7", "", "O", 41.535, 14.331, 0, 0, 90],
		[90, "EXT2_29", 1005, 880.3, "T", "SMD", "GND", "GND", "R", 145.669, 145.669, 0, 0, 90],
		[91, "SCREW1_1", 1475, 1175, "T", "DIP", "NET_7", "", "C", 78.7402, 78.7402, 78.7402, 78.7402, 0],
		[92, "SCREW1_1", 1475, 1175, "B", "DIP", "NET_7", "", "C", 78.7402, 78.7402, 78.7402, 78.7402, 0],
		[93, "SCREW2_1", 1475, 400, "T", "DIP", "NET_8", "", "C", 78.7402, 78.7402, 78.7402, 78.7402, 0],
		[94, "SCREW2_1", 1475, 400, "B", "DIP", "NET_8", "", "C", 78.7402, 78.7402, 78.7402, 78.7402, 0],
		[95, "SCREW3_1", 100, 400, "T", "DIP", "NET_9", "", "C", 78.7402, 78.7402, 78.7402, 78.7402, 0],
		[96, "SCREW3_1", 100, 400, "B", "DIP", "NET_9", "", "C", 78.7402, 78.7402, 78.7402, 78.7402, 0],
		[97, "SCREW4_1", 100, 1175, "T", "DIP", "NET_10", "", "C", 78.7402, 78.7402, 78.7402, 78.7402, 0],
		[98, "SCREW4_1", 100, 1175, "B", "DIP", "NET_10", "", "C", 78.7402, 78.7402, 78.7402, 78.7402, 0],
		[99, "XH1_1", 560, 1065, "T", "DIP", "XGPA4", "", "R", 70, 70.866, 43.308, 43.308, 0],
		[100, "XH1_1", 560, 1065, "B", "DIP", "XGPA4", "", "R", 70, 70.866, 43.308, 43.308, 0],
		[101, "XH1_2", 560, 965, "T", "DIP", "XGPA0", "", "C", 70.866, 70.866, 43.308, 43.308, 0],
		[102, "XH1_2", 560, 965, "B", "DIP", "XGPA0", "", "C", 70.866, 70.866, 43.308, 43.308, 0],
		[103, "XH1_3", 460, 1065, "T", "DIP", "XGPA5", "", "C", 70.866, 70.866, 43.308, 43.308, 0],
		[104, "XH1_3", 460, 1065, "B", "DIP", "XGPA5", "", "C", 70.866, 70.866, 43.308, 43.308, 0],
		[105, "XH1_4", 460, 965, "T", "DIP", "XGPA1", "", "C", 70.866, 70.866, 43.308, 43.308, 0],
		[106, "XH1_4", 460, 965, "B", "DIP", "XGPA1", "", "C", 70.866, 70.866, 43.308, 43.308, 0],
		[107, "XH1_5", 360, 1065, "T", "DIP", "XGPA6", "", "C", 70.866, 70.866, 43.308, 43.308, 0],
		[108, "XH1_5", 360, 1065, "B", "DIP", "XGPA6", "", "C", 70.866, 70.866, 43.308, 43.308, 0],
		[109, "XH1_6", 360, 965, "T", "DIP", "XGPA2", "", "C", 70.866, 70.866, 43.308, 43.308, 0],
		[110, "XH1_6", 360, 965, "B", "DIP", "XGPA2", "", "C", 70.866, 70.866, 43.308, 43.308, 0],
		[111, "XH1_7", 260, 1065, "T", "DIP", "XGPA7", "", "C", 70.866, 70.866, 43.308, 43.308, 0],
		[112, "XH1_7", 260, 1065, "B", "DIP", "XGPA7", "", "C", 70.866, 70.866, 43.308, 43.308, 0],
		[113, "XH1_8", 260, 965, "T", "DIP", "XGPA3", "", "C", 70.866, 70.866, 43.308, 43.308, 0],
		[114, "XH1_8", 260, 965, "B", "DIP", "XGPA3", "", "C", 70.866, 70.866, 43.308, 43.308, 0],
		[115, "XH2_1", 160, 865, "T", "DIP", "XGPB4", "", "R", 70, 70.866, 43.308, 43.308, 90],
		[116, "XH2_1", 160, 865, "B", "DIP", "XGPB4", "", "R", 70, 70.866, 43.308, 43.308, 90],
		[117, "XH2_2", 260, 865, "T", "DIP", "XGPB0", "", "C", 70.866, 70.866, 43.308, 43.308, 90],
		[118, "XH2_2", 260, 865, "B", "DIP", "XGPB0", "", "C", 70.866, 70.866, 43.308, 43.308, 90],
		[119, "XH2_3", 160, 765, "T", "DIP", "XGPB5", "", "C", 70.866, 70.866, 43.308, 43.308, 90],
		[120, "XH2_3", 160, 765, "B", "DIP", "XGPB5", "", "C", 70.866, 70.866, 43.308, 43.308, 90],
		[121, "XH2_4", 260, 765, "T", "DIP", "XGPB1", "", "C", 70.866, 70.866, 43.308, 43.308, 90],
		[122, "XH2_4", 260, 765, "B", "DIP", "XGPB1", "", "C", 70.866, 70.866, 43.308, 43.308, 90],
		[123, "XH2_5", 160, 665, "T", "DIP", "XGPB6", "", "C", 70.866, 70.866, 43.308, 43.308, 90],
		[124, "XH2_5", 160, 665, "B", "DIP", "XGPB6", "", "C", 70.866, 70.866, 43.308, 43.308, 90],
		[125, "XH2_6", 260, 665, "T", "DIP", "XGPB2", "", "C", 70.866, 70.866, 43.308, 43.308, 90],
		[126, "XH2_6", 260, 665, "B", "DIP", "XGPB2", "", "C", 70.866, 70.866, 43.308, 43.308, 90],
		[127, "XH2_7", 160, 565, "T", "DIP", "XGPB7", "", "C", 70.866, 70.866, 43.308, 43.308, 90],
		[128, "XH2_7", 160, 565, "B", "DIP", "XGPB7", "", "C", 70.866, 70.866, 43.308, 43.308, 90],
		[129, "XH2_8", 260, 565, "T", "DIP", "XGPB3", "", "C", 70.866, 70.866, 43.308, 43.308, 90],
		[130, "XH2_8", 260, 565, "B", "DIP", "XGPB3", "", "C", 70.866, 70.866, 43.308, 43.308, 90],
		[131, "YH1_1", 1015, 510, "T", "DIP", "YGPA4", "", "R", 70, 70.866, 43.308, 43.308, 180],
		[132, "YH1_1", 1015, 510, "B", "DIP", "YGPA4", "", "R", 70, 70.866, 43.308, 43.308, 180],
		[133, "YH1_2", 1015, 610, "T", "DIP", "YGPA0", "", "C", 70.866, 70.866, 43.308, 43.308, 180],
		[134, "YH1_2", 1015, 610, "B", "DIP", "YGPA0", "", "C", 70.866, 70.866, 43.308, 43.308, 180],
		[135, "YH1_3", 1115, 510, "T", "DIP", "YGPA5", "", "C", 70.866, 70.866, 43.308, 43.308, 180],
		[136, "YH1_3", 1115, 510, "B", "DIP", "YGPA5", "", "C", 70.866, 70.866, 43.308, 43.308, 180],
		[137, "YH1_4", 1115, 610, "T", "DIP", "YGPA1", "", "C", 70.866, 70.866, 43.308, 43.308, 180],
		[138, "YH1_4", 1115, 610, "B", "DIP", "YGPA1", "", "C", 70.866, 70.866, 43.308, 43.308, 180],
		[139, "YH1_5", 1215, 510, "T", "DIP", "YGPA6", "", "C", 70.866, 70.866, 43.308, 43.308, 180],
		[140, "YH1_5", 1215, 510, "B", "DIP", "YGPA6", "", "C", 70.866, 70.866, 43.308, 43.308, 180],
		[141, "YH1_6", 1215, 610, "T", "DIP", "YGPA2", "", "C", 70.866, 70.866, 43.308, 43.308, 180],
		[142, "YH1_6", 1215, 610, "B", "DIP", "YGPA2", "", "C", 70.866, 70.866, 43.308, 43.308, 180],
		[143, "YH1_7", 1315, 510, "T", "DIP", "YGPA7", "", "C", 70.866, 70.866, 43.308, 43.308, 180],
		[144, "YH1_7", 1315, 510, "B", "DIP", "YGPA7", "", "C", 70.866, 70.866, 43.308, 43.308, 180],
		[145, "YH1_8", 1315, 610, "T", "DIP", "YGPA3", "", "C", 70.866, 70.866, 43.308, 43.308, 180],
		[146, "YH1_8", 1315, 610, "B", "DIP", "YGPA3", "", "C", 70.866, 70.866, 43.308, 43.308, 180],
		[147, "YH2_1", 1415, 710, "T", "DIP", "YGPB4", "", "R", 70, 70.866, 43.308, 43.308, 270],
		[148, "YH2_1", 1415, 710, "B", "DIP", "YGPB4", "", "R", 70, 70.866, 43.308, 43.308, 270],
		[149, "YH2_2", 1315, 710, "T", "DIP", "YGPB0", "", "C", 70.866, 70.866, 43.308, 43.308, 270],
		[150, "YH2_2", 1315, 710, "B", "DIP", "YGPB0", "", "C", 70.866, 70.866, 43.308, 43.308, 270],
		[151, "YH2_3", 1415, 810, "T", "DIP", "YGPB5", "", "C", 70.866, 70.866, 43.308, 43.308, 270],
		[152, "YH2_3", 1415, 810, "B", "DIP", "YGPB5", "", "C", 70.866, 70.866, 43.308, 43.308, 270],
		[153, "YH2_4", 1315, 810, "T", "DIP", "YGPB1", "", "C", 70.866, 70.866, 43.308, 43.308, 270],
		[154, "YH2_4", 1315, 810, "B", "DIP", "YGPB1", "", "C", 70.866, 70.866, 43.308, 43.308, 270],
		[155, "YH2_5", 1415, 910, "T", "DIP", "YGPB6", "", "C", 70.866, 70.866, 43.308, 43.308, 270],
		[156, "YH2_5", 1415, 910, "B", "DIP", "YGPB6", "", "C", 70.866, 70.866, 43.308, 43.308, 270],
		[157, "YH2_6", 1315, 910, "T", "DIP", "YGPB2", "", "C", 70.866, 70.866, 43.308, 43.308, 270],
		[158, "YH2_6", 1315, 910, "B", "DIP", "YGPB2", "", "C", 70.866, 70.866, 43.308, 43.308, 270],
		[159, "YH2_7", 1415, 1010, "T", "DIP", "YGPB7", "", "C", 70.866, 70.866, 43.308, 43.308, 270],
		[160, "YH2_7", 1415, 1010, "B", "DIP", "YGPB7", "", "C", 70.866, 70.866, 43.308, 43.308, 270],
		[161, "YH2_8", 1315, 1010, "T", "DIP", "YGPB3", "", "C", 70.866, 70.866, 43.308, 43.308, 270],
		[162, "YH2_8", 1315, 1010, "B", "DIP", "YGPB3", "", "C", 70.866, 70.866, 43.308, 43.308, 270],
		[163, "PAD1_2", 760, 596.695, "T", "SMD", "WAKEUP", "", "R", 43.307, 39.37, 0, 0, 270],
		[164, "PAD2_1", 760, 733.305, "T", "SMD", "$1N593", "", "R", 43.307, 39.37, 0, 0, 270],
		[165, "PAD3_2", 800, 973.305, "T", "SMD", "WAKEUP", "", "R", 43.307, 39.37, 0, 0, 90],
		[166, "PAD4_1", 800, 836.695, "T", "SMD", "$1N5957", "", "R", 43.307, 39.37, 0, 0, 90],
		[167, "PAD5_1", 441.71, 766.77, "T", "SMD", "XGPB0", "", "O", 14.331, 41.535, 0, 0, 270],
		[168, "PAD6_2", 441.71, 741.18, "T", "SMD", "XGPB1", "", "O", 14.331, 41.535, 0, 0, 270],
		[169, "PAD7_3", 441.71, 715.59, "T", "SMD", "XGPB2", "", "O", 14.331, 41.535, 0, 0, 270],
		[170, "PAD8_4", 441.71, 690, "T", "SMD", "XGPB3", "", "O", 14.331, 41.535, 0, 0, 270],
		[171, "PAD9_5", 441.71, 664.41, "T", "SMD", "XGPB4", "", "O", 14.331, 41.535, 0, 0, 270],
		[172, "PAD10_6", 441.71, 638.82, "T", "SMD", "XGPB5", "", "O", 14.331, 41.535, 0, 0, 270],
		[173, "PAD11_7", 441.71, 613.23, "T", "SMD", "XGPB6", "", "O", 14.331, 41.535, 0, 0, 270],
		[174, "PAD12_8", 478.23, 576.71, "T", "SMD", "XGPB7", "", "O", 41.535, 14.331, 0, 0, 270],
		[175, "PAD13_9", 503.82, 576.71, "T", "SMD", "VCC", "", "O", 41.535, 14.331, 0, 0, 270],
		[176, "PAD14_10", 529.41, 576.71, "T", "SMD", "GND", "GND", "O", 41.535, 14.331, 0, 0, 270],
		[177, "PAD15_12", 580.59, 576.71, "T", "SMD", "SCL", "", "O", 41.535, 14.331, 0, 0, 270],
		[178, "PAD16_13", 606.18, 576.71, "T", "SMD", "SDA", "", "O", 41.535, 14.331, 0, 0, 270],
		[179, "PAD17_15", 668.29, 613.23, "T", "SMD", "VCC", "", "O", 14.331, 41.535, 0, 0, 270],
		[180, "PAD18_16", 668.29, 638.82, "T", "SMD", "VCC", "", "O", 14.331, 41.535, 0, 0, 270],
		[181, "PAD19_17", 668.29, 664.41, "T", "SMD", "VCC", "", "O", 14.331, 41.535, 0, 0, 270],
		[182, "PAD20_18", 668.29, 690, "T", "SMD", "VCC", "", "O", 14.331, 41.535, 0, 0, 270],
		[183, "PAD21_20", 668.29, 741.18, "T", "SMD", "$1N593", "", "O", 14.331, 41.535, 0, 0, 270],
		[184, "PAD22_21", 668.29, 766.77, "T", "SMD", "XGPA0", "", "O", 14.331, 41.535, 0, 0, 270],
		[185, "PAD23_22", 631.77, 803.29, "T", "SMD", "XGPA1", "", "O", 41.535, 14.331, 0, 0, 270],
		[186, "PAD24_23", 606.18, 803.29, "T", "SMD", "XGPA2", "", "O", 41.535, 14.331, 0, 0, 270],
		[187, "PAD25_24", 580.59, 803.29, "T", "SMD", "XGPA3", "", "O", 41.535, 14.331, 0, 0, 270],
		[188, "PAD26_25", 555, 803.29, "T", "SMD", "XGPA4", "", "O", 41.535, 14.331, 0, 0, 270],
		[189, "PAD27_26", 529.41, 803.29, "T", "SMD", "XGPA5", "", "O", 41.535, 14.331, 0, 0, 270],
		[190, "PAD28_27", 503.82, 803.29, "T", "SMD", "XGPA6", "", "O", 41.535, 14.331, 0, 0, 270],
		[191, "PAD29_28", 478.23, 803.29, "T", "SMD", "XGPA7", "", "O", 41.535, 14.331, 0, 0, 270],
		[192, "PAD30_29", 555, 690, "T", "SMD", "GND", "GND", "R", 145.669, 145.669, 0, 0, 270],
		[193, "PAD31_1", 1118.29, 803.53, "T", "SMD", "YGPB0", "", "O", 14.331, 41.535, 0, 0, 90],
		[194, "PAD32_2", 1118.29, 829.12, "T", "SMD", "YGPB1", "", "O", 14.331, 41.535, 0, 0, 90],
		[195, "PAD33_3", 1118.29, 854.71, "T", "SMD", "YGPB2", "", "O", 14.331, 41.535, 0, 0, 90],
		[196, "PAD34_4", 1118.29, 880.3, "T", "SMD", "YGPB3", "", "O", 14.331, 41.535, 0, 0, 90],
		[197, "PAD35_5", 1118.29, 905.89, "T", "SMD", "YGPB4", "", "O", 14.331, 41.535, 0, 0, 90],
		[198, "PAD36_6", 1118.29, 931.48, "T", "SMD", "YGPB5", "", "O", 14.331, 41.535, 0, 0, 90],
		[199, "PAD37_7", 1118.29, 957.07, "T", "SMD", "YGPB6", "", "O", 14.331, 41.535, 0, 0, 90],
		[200, "PAD38_8", 1081.77, 993.59, "T", "SMD", "YGPB7", "", "O", 41.535, 14.331, 0, 0, 90],
		[201, "PAD39_9", 1056.18, 993.59, "T", "SMD", "VCC", "", "O", 41.535, 14.331, 0, 0, 90],
		[202, "PAD40_10", 1030.59, 993.59, "T", "SMD", "GND", "GND", "O", 41.535, 14.331, 0, 0, 90],
		[203, "PAD41_12", 979.41, 993.59, "T", "SMD", "SCL", "", "O", 41.535, 14.331, 0, 0, 90],
		[204, "PAD42_13", 953.82, 993.59, "T", "SMD", "SDA", "", "O", 41.535, 14.331, 0, 0, 90],
		[205, "PAD43_15", 891.71, 957.07, "T", "SMD", "GND", "GND", "O", 14.331, 41.535, 0, 0, 90],
		[206, "PAD44_16", 891.71, 931.48, "T", "SMD", "GND", "GND", "O", 14.331, 41.535, 0, 0, 90],
		[207, "PAD45_17", 891.71, 905.89, "T", "SMD", "GND", "GND", "O", 14.331, 41.535, 0, 0, 90],
		[208, "PAD46_18", 891.71, 880.3, "T", "SMD", "VCC", "", "O", 14.331, 41.535, 0, 0, 90],
		[209, "PAD47_20", 891.71, 829.12, "T", "SMD", "$1N5957", "", "O", 14.331, 41.535, 0, 0, 90],
		[210, "PAD48_21", 891.71, 803.53, "T", "SMD", "YGPA0", "", "O", 14.331, 41.535, 0, 0, 90],
		[211, "PAD49_22", 928.23, 767.01, "T", "SMD", "YGPA1", "", "O", 41.535, 14.331, 0, 0, 90],
		[212, "PAD50_23", 953.82, 767.01, "T", "SMD", "YGPA2", "", "O", 41.535, 14.331, 0, 0, 90],
		[213, "PAD51_24", 979.41, 767.01, "T", "SMD", "YGPA3", "", "O", 41.535, 14.331, 0, 0, 90],
		[214, "PAD52_25", 1005, 767.01, "T", "SMD", "YGPA4", "", "O", 41.535, 14.331, 0, 0, 90],
		[215, "PAD53_26", 1030.59, 767.01, "T", "SMD", "YGPA5", "", "O", 41.535, 14.331, 0, 0, 90],
		[216, "PAD54_27", 1056.18, 767.01, "T", "SMD", "YGPA6", "", "O", 41.535, 14.331, 0, 0, 90],
		[217, "PAD55_28", 1081.77, 767.01, "T", "SMD", "YGPA7", "", "O", 41.535, 14.331, 0, 0, 90],
		[218, "PAD56_29", 1005, 880.3, "T", "SMD", "GND", "GND", "R", 145.669, 145.669, 0, 0, 90],
		[219, "PAD57_1", 560, 1065, "T", "DIP", "XGPA4", "", "R", 70, 70.866, 43.308, 43.308, 0],
		[220, "PAD57_1", 560, 1065, "B", "DIP", "XGPA4", "", "R", 70, 70.866, 43.308, 43.308, 0],
		[221, "PAD58_2", 560, 965, "T", "DIP", "XGPA0", "", "C", 70.866, 70.866, 43.308, 43.308, 0],
		[222, "PAD58_2", 560, 965, "B", "DIP", "XGPA0", "", "C", 70.866, 70.866, 43.308, 43.308, 0],
		[223, "PAD59_3", 460, 1065, "T", "DIP", "XGPA5", "", "C", 70.866, 70.866, 43.308, 43.308, 0],
		[224, "PAD59_3", 460, 1065, "B", "DIP", "XGPA5", "", "C", 70.866, 70.866, 43.308, 43.308, 0],
		[225, "PAD60_4", 460, 965, "T", "DIP", "XGPA1", "", "C", 70.866, 70.866, 43.308, 43.308, 0],
		[226, "PAD60_4", 460, 965, "B", "DIP", "XGPA1", "", "C", 70.866, 70.866, 43.308, 43.308, 0],
		[227, "PAD61_5", 360, 1065, "T", "DIP", "XGPA6", "", "C", 70.866, 70.866, 43.308, 43.308, 0],
		[228, "PAD61_5", 360, 1065, "B", "DIP", "XGPA6", "", "C", 70.866, 70.866, 43.308, 43.308, 0],
		[229, "PAD62_6", 360, 965, "T", "DIP", "XGPA2", "", "C", 70.866, 70.866, 43.308, 43.308, 0],
		[230, "PAD62_6", 360, 965, "B", "DIP", "XGPA2", "", "C", 70.866, 70.866, 43.308, 43.308, 0],
		[231, "PAD63_7", 260, 1065, "T", "DIP", "XGPA7", "", "C", 70.866, 70.866, 43.308, 43.308, 0],
		[232, "PAD63_7", 260, 1065, "B", "DIP", "XGPA7", "", "C", 70.866, 70.866, 43.308, 43.308, 0],
		[233, "PAD64_8", 260, 965, "T", "DIP", "XGPA3", "", "C", 70.866, 70.866, 43.308, 43.308, 0],
		[234, "PAD64_8", 260, 965, "B", "DIP", "XGPA3", "", "C", 70.866, 70.866, 43.308, 43.308, 0],
		[235, "PAD65_1", 160, 865, "T", "DIP", "XGPB4", "", "R", 70, 70.866, 43.308, 43.308, 90],
		[236, "PAD65_1", 160, 865, "B", "DIP", "XGPB4", "", "R", 70, 70.866, 43.308, 43.308, 90],
		[237, "PAD66_2", 260, 865, "T", "DIP", "XGPB0", "", "C", 70.866, 70.866, 43.308, 43.308, 90],
		[238, "PAD66_2", 260, 865, "B", "DIP", "XGPB0", "", "C", 70.866, 70.866, 43.308, 43.308, 90],
		[239, "PAD67_3", 160, 765, "T", "DIP", "XGPB5", "", "C", 70.866, 70.866, 43.308, 43.308, 90],
		[240, "PAD67_3", 160, 765, "B", "DIP", "XGPB5", "", "C", 70.866, 70.866, 43.308, 43.308, 90],
		[241, "PAD68_4", 260, 765, "T", "DIP", "XGPB1", "", "C", 70.866, 70.866, 43.308, 43.308, 90],
		[242, "PAD68_4", 260, 765, "B", "DIP", "XGPB1", "", "C", 70.866, 70.866, 43.308, 43.308, 90],
		[243, "PAD69_5", 160, 665, "T", "DIP", "XGPB6", "", "C", 70.866, 70.866, 43.308, 43.308, 90],
		[244, "PAD69_5", 160, 665, "B", "DIP", "XGPB6", "", "C", 70.866, 70.866, 43.308, 43.308, 90],
		[245, "PAD70_6", 260, 665, "T", "DIP", "XGPB2", "", "C", 70.866, 70.866, 43.308, 43.308, 90],
		[246, "PAD70_6", 260, 665, "B", "DIP", "XGPB2", "", "C", 70.866, 70.866, 43.308, 43.308, 90],
		[247, "PAD71_7", 160, 565, "T", "DIP", "XGPB7", "", "C", 70.866, 70.866, 43.308, 43.308, 90],
		[248, "PAD71_7", 160, 565, "B", "DIP", "XGPB7", "", "C", 70.866, 70.866, 43.308, 43.308, 90],
		[249, "PAD72_8", 260, 565, "T", "DIP", "XGPB3", "", "C", 70.866, 70.866, 43.308, 43.308, 90],
		[250, "PAD72_8", 260, 565, "B", "DIP", "XGPB3", "", "C", 70.866, 70.866, 43.308, 43.308, 90],
		[251, "PAD73_1", 1015, 510, "T", "DIP", "YGPA4", "", "R", 70, 70.866, 43.308, 43.308, 180],
		[252, "PAD73_1", 1015, 510, "B", "DIP", "YGPA4", "", "R", 70, 70.866, 43.308, 43.308, 180],
		[253, "PAD74_2", 1015, 610, "T", "DIP", "YGPA0", "", "C", 70.866, 70.866, 43.308, 43.308, 180],
		[254, "PAD74_2", 1015, 610, "B", "DIP", "YGPA0", "", "C", 70.866, 70.866, 43.308, 43.308, 180],
		[255, "PAD75_3", 1115, 510, "T", "DIP", "YGPA5", "", "C", 70.866, 70.866, 43.308, 43.308, 180],
		[256, "PAD75_3", 1115, 510, "B", "DIP", "YGPA5", "", "C", 70.866, 70.866, 43.308, 43.308, 180],
		[257, "PAD76_4", 1115, 610, "T", "DIP", "YGPA1", "", "C", 70.866, 70.866, 43.308, 43.308, 180],
		[258, "PAD76_4", 1115, 610, "B", "DIP", "YGPA1", "", "C", 70.866, 70.866, 43.308, 43.308, 180],
		[259, "PAD77_5", 1215, 510, "T", "DIP", "YGPA6", "", "C", 70.866, 70.866, 43.308, 43.308, 180],
		[260, "PAD77_5", 1215, 510, "B", "DIP", "YGPA6", "", "C", 70.866, 70.866, 43.308, 43.308, 180],
		[261, "PAD78_6", 1215, 610, "T", "DIP", "YGPA2", "", "C", 70.866, 70.866, 43.308, 43.308, 180],
		[262, "PAD78_6", 1215, 610, "B", "DIP", "YGPA2", "", "C", 70.866, 70.866, 43.308, 43.308, 180],
		[263, "PAD79_7", 1315, 510, "T", "DIP", "YGPA7", "", "C", 70.866, 70.866, 43.308, 43.308, 180],
		[264, "PAD79_7", 1315, 510, "B", "DIP", "YGPA7", "", "C", 70.866, 70.866, 43.308, 43.308, 180],
		[265, "PAD80_8", 1315, 610, "T", "DIP", "YGPA3", "", "C", 70.866, 70.866, 43.308, 43.308, 180],
		[266, "PAD80_8", 1315, 610, "B", "DIP", "YGPA3", "", "C", 70.866, 70.866, 43.308, 43.308, 180],
		[267, "PAD81_1", 1415, 710, "T", "DIP", "YGPB4", "", "R", 70, 70.866, 43.308, 43.308, 270],
		[268, "PAD81_1", 1415, 710, "B", "DIP", "YGPB4", "", "R", 70, 70.866, 43.308, 43.308, 270],
		[269, "PAD82_2", 1315, 710, "T", "DIP", "YGPB0", "", "C", 70.866, 70.866, 43.308, 43.308, 270],
		[270, "PAD82_2", 1315, 710, "B", "DIP", "YGPB0", "", "C", 70.866, 70.866, 43.308, 43.308, 270],
		[271, "PAD83_3", 1415, 810, "T", "DIP", "YGPB5", "", "C", 70.866, 70.866, 43.308, 43.308, 270],
		[272, "PAD83_3", 1415, 810, "B", "DIP", "YGPB5", "", "C", 70.866, 70.866, 43.308, 43.308, 270],
		[273, "PAD84_4", 1315, 810, "T", "DIP", "YGPB1", "", "C", 70.866, 70.866, 43.308, 43.308, 270],
		[274, "PAD84_4", 1315, 810, "B", "DIP", "YGPB1", "", "C", 70.866, 70.866, 43.308, 43.308, 270],
		[275, "PAD85_5", 1415, 910, "T", "DIP", "YGPB6", "", "C", 70.866, 70.866, 43.308, 43.308, 270],
		[276, "PAD85_5", 1415, 910, "B", "DIP", "YGPB6", "", "C", 70.866, 70.866, 43.308, 43.308, 270],
		[277, "PAD86_6", 1315, 910, "T", "DIP", "YGPB2", "", "C", 70.866, 70.866, 43.308, 43.308, 270],
		[278, "PAD86_6", 1315, 910, "B", "DIP", "YGPB2", "", "C", 70.866, 70.866, 43.308, 43.308, 270],
		[279, "PAD87_7", 1415, 1010, "T", "DIP", "YGPB7", "", "C", 70.866, 70.866, 43.308, 43.308, 270],
		[280, "PAD87_7", 1415, 1010, "B", "DIP", "YGPB7", "", "C", 70.866, 70.866, 43.308, 43.308, 270],
		[281, "PAD88_8", 1315, 1010, "T", "DIP", "YGPB3", "", "C", 70.866, 70.866, 43.308, 43.308, 270],
		[282, "PAD88_8", 1315, 1010, "B", "DIP", "YGPB3", "", "C", 70.866, 70.866, 43.308, 43.308, 270],
		[283, "PAD89_1", 860, 400, "T", "DIP", "VCC", "", "R", 66.929, 66.929, 43.308, 43.308, 180],
		[284, "PAD89_1", 860, 400, "B", "DIP", "VCC", "", "R", 66.929, 66.929, 43.308, 43.308, 180],
		[285, "PAD90_2", 760, 400, "T", "DIP", "VCC", "", "C", 66.929, 66.929, 43.308, 43.308, 180],
		[286, "PAD90_2", 760, 400, "B", "DIP", "VCC", "", "C", 66.929, 66.929, 43.308, 43.308, 180],
		[287, "PAD91_3", 660, 400, "T", "DIP", "SCL", "", "C", 66.929, 66.929, 43.308, 43.308, 180],
		[288, "PAD91_3", 660, 400, "B", "DIP", "SCL", "", "C", 66.929, 66.929, 43.308, 43.308, 180],
		[289, "PAD92_4", 560, 400, "T", "DIP", "WAKEUP", "", "C", 66.929, 66.929, 43.308, 43.308, 180],
		[290, "PAD92_4", 560, 400, "B", "DIP", "WAKEUP", "", "C", 66.929, 66.929, 43.308, 43.308, 180],
		[291, "PAD93_5", 460, 400, "T", "DIP", "SDA", "", "C", 66.929, 66.929, 43.308, 43.308, 180],
		[292, "PAD93_5", 460, 400, "B", "DIP", "SDA", "", "C", 66.929, 66.929, 43.308, 43.308, 180],
		[293, "PAD94_6", 360, 400, "T", "DIP", "GND", "GND", "C", 66.929, 66.929, 43.308, 43.308, 180],
		[294, "PAD94_6", 360, 400, "B", "DIP", "GND", "GND", "C", 66.929, 66.929, 43.308, 43.308, 180],
		[295, "PAD95_7", 260, 400, "T", "DIP", "GND", "GND", "C", 66.929, 66.929, 43.308, 43.308, 180],
		[296, "PAD95_7", 260, 400, "B", "DIP", "GND", "GND", "C", 66.929, 66.929, 43.308, 43.308, 180],
		[297, "PAD96_1", 715, 1175, "T", "DIP", "VCC", "", "R", 66.929, 66.929, 43.308, 43.308, 0],
		[298, "PAD96_1", 715, 1175, "B", "DIP", "VCC", "", "R", 66.929, 66.929, 43.308, 43.308, 0],
		[299, "PAD97_2", 815, 1175, "T", "DIP", "VCC", "", "C", 66.929, 66.929, 43.308, 43.308, 0],
		[300, "PAD97_2", 815, 1175, "B", "DIP", "VCC", "", "C", 66.929, 66.929, 43.308, 43.308, 0],
		[301, "PAD98_3", 915, 1175, "T", "DIP", "SCL", "", "C", 66.929, 66.929, 43.308, 43.308, 0],
		[302, "PAD98_3", 915, 1175, "B", "DIP", "SCL", "", "C", 66.929, 66.929, 43.308, 43.308, 0],
		[303, "PAD99_4", 1015, 1175, "T", "DIP", "WAKEUP", "", "C", 66.929, 66.929, 43.308, 43.308, 0],
		[304, "PAD99_4", 1015, 1175, "B", "DIP", "WAKEUP", "", "C", 66.929, 66.929, 43.308, 43.308, 0],
		[305, "PAD100_5", 1115, 1175, "T", "DIP", "SDA", "", "C", 66.929, 66.929, 43.308, 43.308, 0],
		[306, "PAD100_5", 1115, 1175, "B", "DIP", "SDA", "", "C", 66.929, 66.929, 43.308, 43.308, 0],
		[307, "PAD101_6", 1215, 1175, "T", "DIP", "GND", "GND", "C", 66.929, 66.929, 43.308, 43.308, 0],
		[308, "PAD101_6", 1215, 1175, "B", "DIP", "GND", "GND", "C", 66.929, 66.929, 43.308, 43.308, 0],
		[309, "PAD102_7", 1315, 1175, "T", "DIP", "GND", "GND", "C", 66.929, 66.929, 43.308, 43.308, 0],
		[310, "PAD102_7", 1315, 1175, "B", "DIP", "GND", "GND", "C", 66.929, 66.929, 43.308, 43.308, 0]
	]
}
}